Title ID	Region	Name	PKG direct link	RAP	Content ID	Last Modification Date	Download .RAP file	File Size	SHA256
SLUS20189	US	Tokyo Xtreme Racer Zero (PS2CV)	https://www.dropbox.com/scl/fi/8t7tczin8y2loamf1q33e/Tokyo-Xtreme-Racer-Zero-PS2-Classics-Vault-PS2-Classics-SLUS20189.pkg?rlkey=cp3lihhs0r6k59qr0enbxinb2&st=3jwyu8lu&dl=1	MISSING	UP0000-SLUS20189_00-TOKYOXTREMERZPS2		1596461056	1596461056
SLUS20963	US	Final Fantasy XII (PS2CV)	https://www.dropbox.com/scl/fi/9wsz2pz4z3to9kfrgeoke/Final-Fantasy-XII-PS2-Classics-Vault-PS2-Classics-SLUS20963.pkg?rlkey=39tky2z3mlea7fbtjout41co5&st=cv3pu2o2&dl=1	MISSING	UP0000-SLUS20963_00-FINALFANTASYXIIPS2		4099297280	4099297280
SLES52568	EU	Crash Twinsanity [PAL] (PS2CV)	https://www.dropbox.com/scl/fi/b7472tbavqvy1v68b8c9m/Crash-Twinsanity-PAL-PS2-Classics-Vault-PS2-Classics-SLES52568.pkg?rlkey=3beac83hzodk6mxhmqg5q349b&st=vh6vej9b&dl=1	MISSING	EP0000-SLES52568_00-CRASHTWINSANITYPALPS2		2587025408	2587025408
SLUS21273	US	The Matrix - Path of Neo (PS2CV)	https://www.dropbox.com/scl/fi/0l4n6p7m3c8xhq80qlhjq/The-Matrix-Path-of-Neo-PS2-Classics-Vault-PS2-Classics-SLUS21273.pkg?rlkey=ci3ls2klxttnlmx5czhmblbko&st=ezc93om1&dl=1	MISSING	UP0000-SLUS21273_00-THEMATRIXPATHOFNEOPS2		4730765312	4730765312
SLUS20917	US	Sonic Mega Collection Plus (PS2CV)	https://www.dropbox.com/scl/fi/mxes0cgu43npxb2hakt95/Sonic-Mega-Collection-Plus-PS2-Classics-Vault-PS2-Classics-SLUS20917.pkg?rlkey=sp2jn5xqpyfhocuugdet6va2p&dl=1	MISSING	UP0000-SLUS20917_00-SONICMEGACOLLECTIONPLUSPS2		4729741312	4729741312
SLUS20809	US	Godzilla - Save The Earth (PS2CV)	https://www.dropbox.com/scl/fi/izetg9obxsy1h1b5vcjiy/Godzilla-Save-the-Earth-PS2-Classics-Vault-PS2-Classics-SLUS20809.pkg?rlkey=l14vnup2q826xmq3rxg4nwsyg&dl=1	MISSING	UP0000-SLUS20809_00-GODZILLASAVETHEEARTHPS2		4436946944	4436946944
SCUS97408	US	The Getaway - Black Monday (PS2CV)	https://www.dropbox.com/scl/fi/0v8ka0fxkaqmxfqj6s6yn/The-Getaway-Black-Monday-PS2-Classics-Vault-PS2-Classics-SCUS97408.pkg?rlkey=5h5j4afhfe9qr41fcdadrd7af&dl=1	MISSING	UP0000-SCUS97408_00-THEGETAWAYBLACKMONDAYPS2		4229521408	4229521408
SLPS25887	JP	Super Robot Taisen Z (PS2CV)	https://www.dropbox.com/scl/fi/5sfe0q33zjdsw7an7kifz/Super-Robot-Taisen-Z-PS2-Classics-Vault-PS2-Classics-SLPS25887.pkg?rlkey=fmtca9ath9p3brlvoceye2mlz&dl=1	MISSING	JP0000-SLPS25887_00-SUPERROBOTTAOSENZPS2		3789225984	3789225984
SCUS97545	US	SOCOM - U.S Navy Seals Combined Assault (PS2CV)	https://www.dropbox.com/scl/fi/cno2228awf1r21hbeykul/SOCOM-U.S.-Navy-SEALs-Combined-Assault-PS2-Classics-Vault-PS2-Classics-SCUS97545.pkg?rlkey=86lljuch1eu9dziqyfv5zbmhn&dl=1	MISSING	UP0000-SCUS97545_00-SCUSNSCOMBINEDASSAULTPS2		4052951040	4052951040
BLUS30192	US	Call of Duty: World at War (Alt Server) (PS3CV)	https://archive.org/download/call-of-duty-world-at-war-ps-3/Call_of_Duty_World_at_War_PS3.pkg	MISSING	UP0189-BLUS30192_00-CODWAWGAMEPS3		11853578240	11853578240
SLUS20932	US	Mercenaries - Playground of Destruction (PS2CV)	https://www.dropbox.com/scl/fi/0jj0flylbu6vkr8bfi25a/Mercenaries-Playground-of-Destruction-PS2-Classics-Vault-PS2-Classics-SLUS20932.pkg?rlkey=csv9k63r2ampuxfdnr4unh3uv&dl=1	MISSING	UP0000-SLUS20932_00-MPODPS2		4731707392	4731707392
SLUS20934	US	Tekken's Nina Willams In: Death By Degrees (PS2CV)	https://www.dropbox.com/scl/fi/vfg8csorpe3qkzj4nufjy/Tekken-s-Nina-Williams-In-Death-by-Degrees-PS2-Classics-Vault-PS2-Classics-SLUS20934.pkg?rlkey=7wrkcj3cnh90s0nglx21oly65&dl=1	MISSING	UP0000-SLUS20934_00-DEATHBYDEGREESPS2		4215525376	4215525376
SLUS20677	US	XIII (PS2CV)	https://www.dropbox.com/scl/fi/vrwepre8fo66nyfdr1mgg/XIII-PS2-Classics-Vault-PS2-Classics-SLUS20677.pkg?rlkey=usjrlywbk528r2wjv58p9cjpb&dl=1	MISSING	UP0000-SLUS20677_00-XIIIPS2		2586693632	2586693632
SCUS97584	US	Syphon Filter - Logan's Shadow (PS2CV)	https://www.dropbox.com/scl/fi/k4fljxcrn9belakrrtjnb/Syphon-Filter-Logan-s-Shadow-PS2-Classics-Vault-PS2-Classics-SCUS97584.pkg?rlkey=f2rzlavoww7awvl8hw9t4l3c0&dl=1	MISSING	UP0000-SCUS97584_00-SYPHONFILTERLSPS2		4442660864	4442660864
SCUS97362	US	Syphon Filter - Dark Mirror (PS2CV)	https://www.dropbox.com/scl/fi/u17uajkv9m79jxofbsf1e/Syphon-Filter-Dark-Mirror-PS2-Classics-Vault-PS2-Classics-SCUS97362.pkg?rlkey=nabyle4hpcfj0vuxxyyki97bf&dl=1	MISSING	UP0000-SCUS97362_00-SYPHONFILTERDMPS2		4131262464	4131262464
SLUS21854	US	Coraline (PS2CV)	https://www.dropbox.com/scl/fi/moih8bqo81v5cuvqkihcp/Coraline-PS2-Classics-Vault-PS2-Classics-SLUS21854.pkg?rlkey=eld2r2budeu788e1axoy7dvnj&dl=1	MISSING	UP0000-SLUS21854_00-CORALINEPS2		4677185536	4677185536
KSPY09415	US	Undertale (PS2CV)	https://www.dropbox.com/scl/fi/ffaz3fqijjgsoyggq0dlm/Undertale.pkg?rlkey=2eozrvpfer1qymgfqmv0qax8c&dl=1	MISSING	BR8102-KSPY09415_00-UNDERTALEPS3		155566080	155566080
SLUS20167	US	Quake 3 - Revolution (PS2CV)	https://www.dropbox.com/scl/fi/vnmhbizn8imei3op4zv62/Quake-3-Revolution-PS2-Classics-Vault-PS2-Classics-SLUS20167.pkg?rlkey=rszo5ronkuxl1637ppmk3henk&dl=1	MISSING	UP0000-SLUS20167_00-QUAKE3REVOLUTIONPS2		770555904	770555904
SCUS97654	US	Motorstorm - Arctic Edge (PS2CV)	https://www.dropbox.com/scl/fi/bno1oige6ijmxxvnn5xab/Motorstorm-Arctic-Edge-PS2-Classics-Vault-PS2-Classics-SCUS97654.pkg?rlkey=8h3pv60mdjtvrfmusrk4klir5&dl=1	MISSING	UP0000-SCUS97654_00-MSARCTICEDGEPS2		2345664512	2345664512
SLUS20940	US	Yu-Gi-Oh! - Capsule Monster Coliseum (PS2CV)	https://www.dropbox.com/scl/fi/t0fzkw1zc4xtdrknatur0/Yu-Gi-Oh-Capsule-Monster-Coliseum-PS2-Classics-Vault-PS2-Classics-SLUS20940.pkg?rlkey=6oetcif7wkfiuwvvk1zr1rgf1&dl=1	MISSING	UP0000-SLUS20940_00-YGOCMCPS2		2109726720	2109726720
SLUS21174	US	Dance Dance Revolution Extreme 2 (PS2CV)	https://www.dropbox.com/scl/fi/rzgi07m5recief6dcca65/Dance-Dance-Revolution-Extreme-2-PS2-Classics-Vault-PS2-Classics-SLUS21174.pkg?rlkey=2dcpol42e11ablb3n8ucb5wld&dl=1	MISSING	UP0000-SLUS21174_00-DDRE2PS2		3944001536	3944001536
SLUS21665	US	The Simpsons Game (PS2CV)	https://www.dropbox.com/scl/fi/mr3hrlqid3aj8hxue2lwa/The-Simpsons-Game-PS2-Classics-Vault-PS2-Classics-SLUS21665.pkg?rlkey=m13eu9q8rt1jn2n9howudd978&dl=1	MISSING	UP0000-SLUS21665_00-TSGPS2		3810258944	3810258944
SLUS20772	US	SSX 3 (PS2CV)	https://www.dropbox.com/scl/fi/odrug2agrndwxm6oqsze8/SSX-3-PS2-Classics-Vault-PS2-Classics-SLUS20772.pkg?rlkey=nknl4owamzadt5h5qe2leh49s&dl=1	MISSING	UP0000-SLUS20772_00-SSX3PS2		3035136000	3035136000
SLUS21864	US	Disney-Pixar's - Up (PS2CV)	https://www.dropbox.com/scl/fi/0dg0gho5z3mcz8ys8vs3w/Disney-Pixar-s-Up-PS2-Classics-Vault-PS2-Classics-SLUS21864.pkg?rlkey=rd16l6g41vfwq6ps4t4b6ohor&dl=1	MISSING	UP0000-SLUS21864_00-UPPS2		1469468672	1469468672
SLUS20745	US	Shrek 2  (PS2CV)	https://www.dropbox.com/scl/fi/l79fl23g4u77ez5k6rxmm/Shrek-2-PS2-Classics-Vault-PS2-Classics-SLUS20745.pkg?rlkey=2v5b5v7jlppb0cr68ts73irci&dl=1	MISSING	UP0000-SLUS20745_00-SHREK2PS2		1293320192	1293320192
SLUS21137	US	Tom Clancy's Splinter Cell 3 - Chaos Theory  (PS2CV)	https://www.dropbox.com/scl/fi/uclv385gdwv6uwmd5vw0c/Tom-Clancy-s-Splinter-Cell-3-Chaos-Theory-PS2-Classics-Vault-PS2-Classics-SLUS21137.pkg?rlkey=tz9v9cdeo2cqbzw3hzhqns5mk&dl=1	MISSING	UP0000-SLUS21137_00-TCSPLINTERCELLCTPS2		4465299456	4465299456
SLUS20788	US	Ford Racing 2  (PS2CV)	https://www.dropbox.com/scl/fi/umk86ykcrw5p1xrfnhs4y/Ford-Racing-2-PS2-Classics-Vault-PS2-Classics-SLUS20788.pkg?rlkey=o47m6n0btk5fhxxfwuqz1o7r1&dl=1	MISSING	UP0000-SLUS20788_00-007FORDRACING2PS2		742211584	742211584
SLUS20604	US	MTV's Celebrity Deathmatch  (PS2CV)	https://www.dropbox.com/scl/fi/sbhgkslle3xodi4rya0f3/MTV-s-Celebrity-Deathmatch-PS2-Classics-Vault-PS2-Classics-SLUS20604.pkg?rlkey=n08mptcqclim1ihcsj066ky3r&dl=1	MISSING	UP0000-SLUS20604_00-007MTVSCELEBDEATHMATCHPS2		3651190784	3651190784
SLUS20751	US	James Bond 007 - Everything or Nothing (PS2CV)	https://www.dropbox.com/scl/fi/0q4cmw4c8wll3ar5xzzry/James-Bond-007-Everything-or-Nothing-PS2-Classics-Vault-PS2-Classics-SLUS20751.pkg?rlkey=k25gu3lvb1nm1pnol50iocl3k&dl=1	MISSING	UP0000-SLUS20751_00-007EVERYTHINGORNOTHINGPS2		3521847296	3521847296
SLUS21183	US	Teen Titans (PS2CV)	https://www.dropbox.com/scl/fi/81atba659lcfuy8lrkri0/Teen-Titans-PS2-Classics-Vault-PS2-Classics-SLUS21183.pkg?rlkey=crtqwnyi9ma7bctvodco8x0um&dl=1	MISSING	UP0000-SLUS21183_00-TEENTITANSPS2		1258762240	1258762240
SLUS21029	US	Midnight Club 3 - DUB Edition (PS2CV)	https://www.dropbox.com/scl/fi/le57sjdwwharfkg3bqoiq/Midnight-Club-3-DUB-Edition-PS2-Classics-Vault-PS2-Classics-SLUS21029.pkg?rlkey=yx9ehypmxgjownkt9k9d8j34m&dl=1	MISSING	UP0000-SLUS21029_00-MIDNIGHTCLUB3DEPS2		4639965184	4639965184
SLUS20519	US	Tak & The Power of Juju (PS2CV)	https://www.dropbox.com/scl/fi/5a20axi03bly8dskqo1zu/Tak-and-The-Power-of-Juju-PS2-Classics-Vault-PS2-Classics-SLUS20519.pkg?rlkey=pgbpmojgkda51otd9vx8vxqvg&dl=1	MISSING	UP0000-SLUS20519_00-TAK&THEPOWEROFJUJUPS2		3059113984	3059113984
SLUS21613	US	Manhunt 2 (PS2CV)	https://www.dropbox.com/scl/fi/arzstjw6ryaaolkhj1x5t/Manhunt-2-PS2-Classics-Vault-PS2-Classics-SLUS21613.pkg?rlkey=75ps52dzkkbxadz6tmvn5qs3i&dl=1	MISSING	UP0000-SLUS21613_00-MANHUNT2PS2		2685530112	2685530112
SLUS20578	US	The Lord of the Rings - The Two Worlds (PS2CV)	https://www.dropbox.com/scl/fi/8cbh3495673o7nx8hlixd/The-Lord-of-the-Rings-The-Two-Towers-PS2-Classics-Vault-PS2-Classics-SLUS20578.pkg?rlkey=incttq2uw2b0oh28x7ppruu3i&dl=1	MISSING	UP0000-SLUS20578_00-THELORDOFTHERINGSTTWPS2		4147675136	4147675136
SLUS21138	US	X-Men Legends 2 - Rise of Apocalypse (PS2CV)	https://www.dropbox.com/scl/fi/p7csqhwuz536s49310avx/X-Men-Legends-2-Rise-of-Apocalypse-PS2-Classics-Vault-PS2-Classics-SLUS21138.pkg?rlkey=yyofzwq0d6r1f5uy9caqfpow1&dl=1	MISSING	UP0000-SLUS21138_00-XMENLEGENDSROTAPS2		1786589184	1786589184
SLUS21413	US	Thrillville (PS2CV)	https://www.dropbox.com/scl/fi/jnx3kcdg38qy8lialqueq/Thrillville-PS2-Classics-Vault-PS2-Classics-SLUS21413.pkg?rlkey=qb7zzl17ulbhbpp54ujcoue9e&dl=1	MISSING	UP0000-SLUS21413_00-THRILLVILLEPS2		4524773376	4524773376
SLUS20550	US	True Crime - Streets of L.A (PS2CV)	https://www.dropbox.com/scl/fi/1t1shb5v5l71p83ned10k/True-Crime-Streets-of-L.A-PS2-Classics-Vault-PS2-Classics-SLUS20550.pkg?rlkey=1g9avlm8qui73i87s33r2vrk9&dl=1	MISSING	UP0000-SLUS20550_00-TRUECRIMESOLAPS2		2909806592	2909806592
SLUS21168	US	Castlevania: Curse of Darkness (PS2CV)	https://www.dropbox.com/scl/fi/qyzqjdx41dqt8e0z5k7qu/Castlevania-Curse-of-Darkness-PS2-Classics-Vault-PS2-Classics-SLUS21168.pkg?rlkey=ghyp106k3g6y7hpj97hfwfdkk&dl=1	MISSING	UP0000-SLUS21168_00-CASTLEVANIACODPS2		3554353152	3554353152
SLUS20872	US	Juiced (PS2CV)	https://www.dropbox.com/scl/fi/eul6fy9yhvh1w0o71bgjs/Juiced-PS2-Classics-Vault-PS2-Classics-SLUS20872.pkg?rlkey=gqtf53askv4dlsopmyo351wky&dl=1	MISSING	UP0000-SLUS20872_00-JUICEDPS2		4610134016	4610134016
SLUS20672	US	Final Fantasy X-2 (PS2CV)	https://www.dropbox.com/scl/fi/y0xt2tqmy32ubivcejeq6/Final-Fantasy-X-2-PS2-Classics-Vault-PS2-Classics-SLUS20672.pkg?rlkey=a4zrembk4i975gctuw6jk2vvc&dl=1	MISSING	UP0000-SLUS20672_00-FINALFANTASTX2PS2		4016738304	4016738304
SLUS20115	US	Super Bust-A-Move (PS2CV)	https://www.dropbox.com/scl/fi/g2sgr98kwd7a2w2rht9eq/Super-Bust-A-Move-PS2-Classics-Vault-PS2-Classics-SLUS20115.pkg?rlkey=x8ykt5ltvotpmvw3v9n3u150m&dl=1	MISSING	UP0000-SLUS20115_00-SUPERBUSTAMOVEPS2		58462208	58462208
SLUS20869	US	Judge Dredd - Dredd vs Death (PS2CV)	https://www.dropbox.com/scl/fi/3iwob1ksdu3dm0m0szxbt/Judge-Dredd-Dredd-vs-Death-PS2-Classics-Vault-PS2-Classics-SLUS20869.pkg?rlkey=4mn85rthb8cnl03qmu05pvpla&dl=1	MISSING	UP0000-SLUS20869_00-JUDGEDREDDDVSDPS2		1560502272	1560502272
SLUS21106	US	True Crime - New York City (PS2CV)	https://www.dropbox.com/scl/fi/jc2ealluer1ubxvrgdn6x/True-Crime-New-York-City-PS2-Classics-Vault-PS2-Classics-SLUS21106.pkg?rlkey=4m7lre8wwsrzjnd4su0btibh9&dl=1	MISSING	UP0000-SLUS21106_00-TRUECRIMENYCPS2		3196317696	3196317696
SLES53001	EU	NBA Street 3 (PS2CV)	https://www.dropbox.com/scl/fi/p2n3ffvlc8fjlhzu1n8t2/NBA-Street-3-PS2-Classics-Vault-PS2-Classics-SLES53001.pkg?rlkey=lj8hwgp0yfw8xzkefbp9wz16c&dl=1	MISSING	EP0000-SLES53001_00-NBASTREET3PS2		4731363328	4731363328
SLUS20565	US	Champions Norrath (PS2CV)	https://www.dropbox.com/scl/fi/7rj344iuz91byf2mzofbj/Champions-of-Norrath-PS2-Classics-Vault-PS2-Classics-SLUS20565.pkg?rlkey=iyn4z48ublpdnkedae7posw2q&dl=1	MISSING	UP0000-SLUS20565_00-CHAMPIO0NSNORRATHPS2		8358936576	8358936576
SCUS97101	US	Twisted Metal - Black (PS2CV)	https://www.dropbox.com/scl/fi/k27h9s4upyzq23qndzbgb/Twisted-Metal-Black-PS2-Classics-Vault-PS2-Classics-SCUS97101.pkg?rlkey=bmb2yhs86bpi703nqfmf0pn4e&dl=1	MISSING	UP0000-SCUS97101_00-TWISTEDMETALBLACKPS2		3830906880	3830906880
SLUS00502	US	Biofreaks (PS1CV)	https://www.dropbox.com/scl/fi/qahn4mle272gh5axawvro/Biofreaks-PS1-Classics-Vault-PS1-Classics.pkg?rlkey=i0zo78lfepiarzdqa651q6g5o&dl=1	MISSING	UP0000-SLUS00502_00-BIOFREAKSPS1		313413632	313413632
SLUS21129	US	Tenchu 4 - Fatal Shadows (PS2CV)	https://www.dropbox.com/scl/fi/hwmn8vhkf9ygkqi3mr0rr/Tenchu-4-Fatal-Shadows-PS2-Classics-Vault-PS2-Classics-SLUS21129.pkg?rlkey=f5fjpfwfzaqavsvevrcldbl8o&dl=1	MISSING	UP0000-SLUS21129_00-TENCHU4FSPS2		3884331008	3884331008
SLUS21033	US	Second Sight (PS2CV)	https://www.dropbox.com/scl/fi/c3vvgkb7t3s2gqz98wga8/Second-Sight-PS2-Classics-Vault-PS2-Classics-SLUS21033.pkg?rlkey=a1v20pal646tytuf6mghonrws&dl=1	MISSING	UP0000-SLUS21033_00-SECONDSIGHTPS2		4716519424	4716519424
SLUS21032	US	Marc Ecko's Getting Up - Contents Under Pressure (PS2CV)	https://www.dropbox.com/scl/fi/jx5uoiwb9wzfct4wbqghg/Marc-Ecko-s-Getting-Up-Contents-Under-Pressure-PS2-Classics-Vault-PS2-Classics-SLUS21032.pkg?rlkey=q6wc2c6msma9wm96zvdpafj65&dl=1	MISSING	UP0000-SLUS21032_00-MARCECKOSGUCUPPS2		2254929920	2254929920
SLUS21312	US	Wallace & Gromit - The Curse of the Were-Rabbit (PS2CV)	https://www.dropbox.com/scl/fi/v8u0kc72zs4afd4k16mrv/Wallace-Gromit-The-Curse-of-the-Were-Rabbit-PS2-Classics-Vault-PS2-Classics-SLUS21312.pkg?rlkey=03jby1wkegwke5bdth504i9y9&dl=1	MISSING	UP0000-SLUS21312_00-WALLACE&GROMITTCOTWRPS2		4190646272	4190646272
SLUS21242	US	Burnout Revenge (PS2CV)	https://www.dropbox.com/scl/fi/ab0xipjmbg2aky0amn10i/Burnout-Revenge-PS2-Classics-Vault-PS2-Classics-SLUS21242.pkg?rlkey=ahjft0i62vplelh63luun514u&dl=1	MISSING	UP0000-SLUS21242_00-BURNOUTREVENGEPS2		3682406400	3682406400
SLUS21596	US	Burnout - Dominator (PS2CV)	https://www.dropbox.com/scl/fi/wfxc2c4nb9e9wasjj9bcb/Burnout-Dominator-PS2-Classics-Vault-PS2-Classics-SLUS21596.pkg?rlkey=hw2l7ztax5x69q3j615ncwa9l&dl=1	MISSING	UP0000-SLUS21596_00-BURNOUTDOMINATORPS2		4252577792	4252577792
SLUS20497	US	Burnout 2 - Point of Impact (PS2CV)	https://www.dropbox.com/scl/fi/2069n18iy1y2tc3nuin4v/Burnout-2-Point-of-Impact-PS2-Classics-Vault-PS2-Classics-SLUS20497.pkg?rlkey=tk8ybxm4p7a732xvnfnncld79&dl=1	MISSING	UP0000-SLUS20497_00-BURNOUT2POIPS2		4165873664	4165873664
SLUS21050	US	Burnout 3 - Takedown (PS2CV)	https://www.dropbox.com/scl/fi/o2rxdjue0a8311tgh8wst/Burnout-3-Takedown-PS2-Classics-Vault-PS2-Classics-SLUS21050.pkg?rlkey=pt9opccugskzoy0dicpzb4wwq&dl=1	MISSING	UP0000-SLUS21050_00-BURNOUT3TAKEDOWNPS2		2899304448	2899304448
SLUS20109	US	Rune - Viking Warlord (PS2CV)	https://www.dropbox.com/scl/fi/l8d6p0jitnueldzel89m0/Rune-Viking-Warlord-PS2-Classics-Vault-PS2-Classics-SLUS20109.pkg?rlkey=jj54xr4o1lo14b3okhivjwk69&dl=1	MISSING	UP0000-SLUS20109_00-RUNEVIKINGWARLORDPS2		705822720	705822720
SLUS21187	US	Samurai Western (PS2CV)	https://www.dropbox.com/scl/fi/0nwy5jwno7ddpsckbtsi6/Samurai-Western-PS2-Classics-Vault-PS2-Classics-SLUS21187.pkg?rlkey=eo7zpzodve018afpyd0ftik9b&dl=1	MISSING	UP0000-SLUS21187_00-SAMURAIWESTERNPS2		3459059712	3459059712
SLPM86162	JP	Winning Eleven 3 (PS1CV)	https://www.dropbox.com/scl/fi/6oole97xmstvrx1iml6nc/Winning-Eleven-3-PS1-Classics-Vault-PS1-Classics.pkg?rlkey=qrd9ex46eo5u2g7ml1scht212&dl=1	MISSING	JP0000-SLPM86162_00-WINNINGELEVEN3PS1		334942208	334942208
SLUS01369	US	Looney Tunes: Sheep Raider (PS1CV)	https://www.dropbox.com/scl/fi/x3ly3tl95o9gqxditygu0/Looney-Tunes-Sheep-Raider-PS1-Classics-Vault-PS1-Classics.pkg?rlkey=in0hyt2kkfhhjdeq6eu8eunj4&dl=1	MISSING	UP0000-SLUS01369_00-LOONEYTUNESSHEEPRAIDPS1		640176128	640176128
SCUS94412	US	Blasto (PS1CV)	https://www.dropbox.com/scl/fi/6slzx0hvz7igy0r1z5yo7/Blasto-PS1-Classics-Vault-PS1-Classics.pkg?rlkey=2hemlwx65u1x98x2nhs1xfkl5&dl=1	MISSING	UP0000-SCUS94412_00-BLASTOPS1		374018048	374018048
SLUS21678	US	Dragon Ball Z - Budokai Tenkaichi 3 (PS2CV)	https://www.dropbox.com/scl/fi/iare1vxm38pimot500u6b/DragonBall-Z-Budokai-Tenkaichi-3-PS2-Classics-Vault-PS2-Classics-SLUS21678.pkg?rlkey=sxd40lw0rdsuj2hxv71cz6vsn&dl=1	MISSING	UP0000-SLUS21678_00-DRAGONBALLZBT3PS2		3052527616	3052527616
SLUS21441	US	Dragon Ball Z - Budokai Tenkaichi 2 (PS2CV)	https://www.dropbox.com/scl/fi/dxd77rotqwwskl4lg9nue/DragonBall-Z-Budokai-Tenkaichi-2-PS2-Classics-Vault-PS2-Classics-SLUS21441.pkg?rlkey=nz51r6qw29qkfagy0jbvywski&dl=1	MISSING	UP0000-SLUS21441_00-DRAGONBALLZBT2PS2		3029385216	3029385216
SLUS21227	US	Dragon Ball Z - Budokai Tenkaichi (PS2CV)	https://www.dropbox.com/scl/fi/pkju8f17az0hv70a9355r/DragonBall-Z-Budokai-Tenkaichi-PS2-Classics-Vault-PS2-Classics-SLUS21227.pkg?rlkey=nef5ar5u8ty1z8sxlclrw6zqh&dl=1	MISSING	UP0000-SLUS21227_00-DRAGONBALLZBTPS2		3511312384	3511312384
SLUS20397	US	Tenchu 3 - Wrath of Heaven (PS2CV)	https://www.dropbox.com/scl/fi/n7lyj148kj383evhkbp8k/Tenchu-3-Wrath-of-Heaven-PS2-Classics-Vault-PS2-Classics-SLUS20397.pkg?rlkey=28ik72jx40hlvvm4jv7rk5q9l&dl=1	MISSING	UP0000-SLUS20397_00-TENCHU3WOHPS2		3963502592	3963502592
SCES50878	EU	Tekken 4 (PS2CV)	https://www.dropbox.com/scl/fi/j9mtuzrtnuxqpyb7r4cta/Tekken-4-PS2-Classics-Vault-PS2-Classics-SCES50878.pkg?rlkey=zlhhzj2lv1w0p6ttok50hut52&dl=1	MISSING	EP0000-SCES50878_00-TEKKEN4PS2		4509786112	4509786112
SLUS20873	US	Silent Hill 4 - The Room (PS2CV)	https://www.dropbox.com/scl/fi/1hka5hi6gutc0va9jxqwp/Silent-Hill-4-The-Room-PS2-Classics-Vault-PS2-Classics-SLUS20873.pkg?rlkey=kb6839ga7p0h2gqvflk2shfct&dl=1	MISSING	UP0000-SLUS20873_00-SILENTHILL4THROOMPS2		3965968384	3965968384
SLUS20034	US	Unreal Tournament (PS2CV)	https://www.dropbox.com/scl/fi/p5xuh46nqn99mntjsf6lk/Unreal-Tournament-PS2-Classics-Vault-PS2-Classics-SLUS20034.pkg?rlkey=5886q4s7qbwzebk9suetzp43x&dl=1	MISSING	UP0000-SLUS20034_00-UNREALTOURNAMENTPS2		560336896	560336896
SLUS21318	US	Call of Duty 2: Big Red One [Collector's Edition] (PS2CV)	https://www.dropbox.com/scl/fi/qoq5nbogn4zymj9iem9x7/Call-of-Duty-2-Big-Red-One-Collector-s-Edition-PS2-Classics-Vault-PS2-Classics-SLUS21318.pkg?rlkey=5730ay4l1sxpirvwpaqh9m777&dl=1	MISSING	UP0000-SLUS21318_00-COD2BROCEPS2		3676884992	3676884992
SLUS21293	US	Metal Saga (PS2CV)	https://www.dropbox.com/scl/fi/vmdz8nztl62fumiqp2f1g/Metal-Saga-PS2-Classics-Vault-PS2-Classics-SLUS21293.pkg?rlkey=mf826tsk3tmrtiynszjaio0pa&dl=1	MISSING	UP0000-SLUS21293_00-METALSAGAPS2		1731518464	1731518464
SLES51223	EU	Runabout 3: Neo Age (PS2CV)	https://www.dropbox.com/scl/fi/604lm78baurtwricntnqo/Runabout-3-Neo-Age-PS2-Classics-Vault-PS2-Classics-SLES51223.pkg?rlkey=wwbdsqq0q67kn58riz68uzfhv&dl=1	MISSING	EP0000-SLES51223_00-RUNABOUT3NAPS2		2077667328	2077667328
SLUS21728	US	Crash - Mind Over Mutant (PS2CV)	https://www.dropbox.com/scl/fi/ygrzskuxjn0ml5xxeetpg/Crash-Mind-over-Mutant-PS2-Classics-Vault-PS2-Classics-SLUS21728.pkg?rlkey=a5hb9j05wg6nevucmiw4486gc&dl=1	MISSING	UP0000-SLUS21728_00-CRASHMOMPS2		2031882240	2031882240
SLPM65688	JP	Berserk - Millennium Falcon (PS2CV)	https://www.dropbox.com/scl/fi/d1vw4yl47mmxq00d5p8l5/Berserk-millennium-falcon-PS2-Classics-Vault-PS2-Classics-SLPM65688.pkg?rlkey=ttmvl5xpc49b8dd4w9bpkn1c9&dl=1	MISSING	JP0000-SLPM65688_00-BERSERKMFPS2		4306874368	4306874368
SLPM65268	JP	Initial D - Special Stage (PS2CV)	https://www.dropbox.com/scl/fi/gzzcypurooswvqyt1jm5t/Initial-D-Special-Stage-PS2-Classics-Vault-PS2-Classics-SLPM65268.pkg?rlkey=g2grz5jbomci3nex5hj8li13g&dl=1	MISSING	JP0000-SLPM65268_00-IDSSPS2		1984942080	1984942080
SLUS21251	US	FlatOut 2 (PS2CV)	https://www.dropbox.com/scl/fi/gt6x8bpnaqjemm9ysliff/FlatOut-2-PS2-Classics-Vault-PS2-Classics-SLUS21251.pkg?rlkey=zhkzrgrafl63s8ho79yddctgc&dl=1	MISSING	UP0000-SLUS21251_00-FLATOUT2PS2		4105641984	4105641984
SLUS20684	US	Whiplash (PS2CV)	https://www.dropbox.com/scl/fi/3ozgrnsz6ga9k4dd3wfsc/Whiplash-PS2-Classics-Vault-PS2-Classics-SLUS20684.pkg?rlkey=zo98rm61wv59u1gj6bhdf0r1r&dl=1	MISSING	UP0000-SLUS20684_00-WHIPLASHPS2		3810357248	3810357248
SCES50878	EU	Tekken 4 [PAL] (PS2CV)	https://archive.org/download/tekken-4-ps-2-classics-vault-ps-2-classics-sces-50878/Tekken%204%20%28PS2%20Classics%20Vault%29%20%5BPS2%20Classics%5D%20%5BSCES50878%5D.pkg	MISSING	EP0214-SCES50878_00-TEKKEN4PALPS2		4508680192	4508680192
ULJM05500	US	Monster Hunter Portable 2nd G (PS2CV)	https://archive.org/download/monster-hunter-portable-2nd-g-v-1.2-uljm-05500-psp-remaster/MONSTER%20HUNTER%20PORTABLE%202nd%20G%20v1.2%20%5BULJM05500%5D%20%5BPSP%20Remaster%5D.pkg	MISSING	UP9000-ULJM05500_00-MHP2NDGPSP		626356224	626356224
SCUS94900	US	Crash Bandicoot (PS1CV)	https://archive.org/download/crash-bandicoot-1-ps-1-classics-vault/crash%20bandicoot%201%20%28PS1%20Classics%20Vault%29.pkg	MISSING	UP9000-SCUS94900_00-CRASHBANDICOOTPS1		636792832	636792832
NPJH50412	JP	Akiba's Trip (JP Only) (PSPCV)	https://archive.org/download/akiba-s-trip-jp-only-npjh-50412-psp-remaster/AKIBA%27S%20TRIP%20%28JP%20ONLY%29%20%5BNPJH50412%5D%20%5BPSP%20Remaster%5D.pkg	MISSING	JP9000-NPJH50412_00-AKIBASTRIPPSP		452825088	452825088
UCJS10110	JP	Bleach - Heat the Soul 7 (PSPCV)	https://archive.org/download/bleach-heat-the-soul-7-ucjs-10110-psp-remaster/Bleach%20-%20Heat%20the%20Soul%207%20%5BUCJS10110%5D%20%5BPSP%20Remaster%5D.pkg	MISSING	JP9000-UCJS10110_00-BLEACHHEATTHESOUL7PSP		449060864	449060864
NPEH00134	EU	Final Fantasy 3 (PSPCV)	https://archive.org/download/final-fantasy-iii-npeh-00134-psp-remaster/FINAL%20FANTASY%20III%20%5BNPEH00134%5D%20%5BPSP%20Remaster%5D.pkg	MISSING	EP9000-NPEH00134_00-FINALFANTASY3PSP		248815616	248815616
NPJH50588	JP	Digimon World: Re-Digitize [ENG] (PSPCV)	https://archive.org/download/digimon-world-re-digitize-npjh-50588-psp-remaster/Digimon%20World%20ReDigitize%20%5BNPJH50588%5D%20%5BPSP%20Remaster%5D.pkg	MISSING	JP9000-NPJH50588_00-DIGIMONREDENGPSP		341176320	341176320
ULES00841	EU	Castlevania: The Dracula X Chronicles (PSPCV)	https://archive.org/download/castlevania-the-dracula-x-chronicles-ules-00841-psp-remaster/Castlevania%20-%20The%20Dracula%20X%20Chronicles%20%5BULES00841%5D%20%5BPSP%20Remaster%5D.pkg	MISSING	EP9000-ULES00841_00-CASTLEVANIATDCPSP		219004928	219004928
ULES00193	EU	Breath of Fire 3 (PSPCV)	https://archive.org/download/breath-of-fire-iii-ules-00193-psp-remaster/Breath%20of%20Fire%20III%20%5BULES00193%5D%20%5BPSP%20Remaster%5D.pkg	MISSING	EP9000-ULES00193_00-BREATHOFFIRE3PSP		171368448	171368448
SLUS01040	US	Vagrant Story (PS1CV)	https://www.dropbox.com/scl/fi/sch43ccymhjkkuh021qef/Vagrant-Story-PS1-Classics-Vault-PS1-Classics.pkg?rlkey=ezxv6a5ej892lsxt1l9x1nv9p&dl=1	MISSING	UP9000-SLUS01040_00-VAGRANTSTORYPS1		756338688	756338688
SCUS94455	US	Gran Turismo 2 (PS1CV)	https://www.dropbox.com/scl/fi/kb43hrjrohff0nxw9ddho/Gran-Turismo-2-PS1-Classics-Vault-PS1-Classics.pkg?rlkey=cu0ziqiixbnz7ag60qpe743ke&dl=1	MISSING	UP9000-SCUS94455_00-GRANTURISMO2PS1		1418670080	1418670080
SCUS94236	US	Tomba! (PS1CV)	https://www.dropbox.com/scl/fi/d8xu5osvq1o774amn2ezt/Tomba-PS1-Classics-Vault-PS1-Classics.pkg?rlkey=4fllxl5hhe1cyldw1pq78b2lf&dl=1	MISSING	UP9000-SCUS94236_00-TOMBA!PS1		285966336	285966336
SLUS01018	US	Ms. PAC-MAN: Maze Madness (PS1CV)	https://www.dropbox.com/scl/fi/9wmxueyoldufywkyxkkla/Ms-PAC-MAN-Maze-Madness-PS1-Classics-Vault-PS1-Classics.pkg?rlkey=vsz34y6x6xlvsmvdv9wlruc13&dl=1	MISSING	UP9000-SLUS01018_00-MSPACMANMAZEMADNESSPS1		430809088	430809088
SCUS94183	US	Parappa The Rapper (PS1CV)	https://www.dropbox.com/scl/fi/c0pb9b50jcpdbmx2c0ad8/ParappaTheRapper-PS1-Classics-Vault-PS1-Classics.pkg?rlkey=lzic1j777a04a1r5kqd0vvr2z&dl=1	MISSING	UP9000-SCUS94183_00-PARAPPATHERAPPERPS1		731983872	731983872
SCUS97279	US	Jet Li - Rise to Honor (PS2CV)	https://www.dropbox.com/scl/fi/89ijhf3xmlutqyzgs2ek1/Jet-Li-Rise-to-Honor-PS2-Classics-Vault-PS2-Classics-SCUS97279.pkg?rlkey=z1o25p33m8ted84eju7skuh97&dl=1	MISSING	UP9000-SCUS97279_00-JETLIRISETOHONORPS2		2894630912	2894630912
SLUS21096	US	Ape Escape: Pumped & Primed (PS2CV)	https://www.dropbox.com/scl/fi/nxi7k48dem982w12qzkhc/Ape-Escape-Pumped-Primed-PS2-Classics-Vault-PS2-Classics-SLUS21096.pkg?rlkey=kioky16nz8juei7caknoo1ii8&dl=1	MISSING	UP9000-SLUS21096_00-APEESCAPEP&PPS2		3552120832	3552120832
SLUS20929	US	Gundam Battle Assault 3 FGS (PS2CV)	https://www.dropbox.com/scl/fi/6sg2n1705eboubrb2fpwi/Gundam-Battle-Assault-3-featuring-Gundam-Seed-PS2-Classics-Vault-PS2-Classics-SLUS20929.pkg?rlkey=xgi0m7fqe7hntf3su7bunk6op&dl=1	MISSING	UP9000-SLUS20929_00-BATTLEASSUALT2GPS2		637628416	637628416
SLUS20980	US	YS: The Ark of Napishtim (PS2CV)	https://www.dropbox.com/scl/fi/yxfdpp3vy78o6b1ik3csp/Ys-The-Ark-of-Napishtim-PS2-Classics-Vault-PS2-Classics-SLUS20980.pkg?rlkey=tpja359d6fjx2krckllz5hkqq&dl=1	MISSING	UP9000-SLUS20980_00-YSTHEARKOFNPS2		4075061248	4075061248
SLUS21434	US	Superman Returns - The Video Game (PS2CV)	https://www.dropbox.com/scl/fi/9lxcv2pdb9eqkivnoi5nf/Superman-Returns-The-Video-Game-PS2-Classics-Vault-PS2-Classics-SLUS21434.pkg?rlkey=dizq4foxqv1maq2g0hysugjol&dl=1	MISSING	UP9000-SLUS21434_00-SUPERMANRETURNSPS2		4493180928	4493180928
SLUS21799	US	Kingdom Hearts - Re-Chain of Memories (PS2CV)	https://www.dropbox.com/scl/fi/pn0ixqsxbtl1ri8uulgn8/Kingdom-Hearts-Re-Chain-of-Memories-PS2-Classics-Vault-PS2-Classics-SLUS21799.pkg?rlkey=phznym4tzwr6886x3uru7u455&dl=1	MISSING	UP9000-SLUS21799_00-KINGDOMHEARTSRCOMPS2		4457959424	4457959424
SLUS21161	US	Fight Night - Round 2 (PS2CV)	https://www.dropbox.com/scl/fi/kpnryiizm8apqy2urkqo7/Fight-Night-Round-2-PS2-Classics-Vault-PS2-Classics-SLUS21161.pkg?rlkey=9x46l6rz8r4n1wv1n59yvpvuv&dl=1	MISSING	UP9000-SLUS21161_00-FIGHTNIGHTR2PS2		3958018048	3958018048
SLUS20906	US	Fight Night 2004 (PS2CV)	https://www.dropbox.com/scl/fi/0foj2qt5na2o31u9y0vie/Fight-Night-2004-PS2-Classics-Vault-PS2-Classics-SLUS20906.pkg?rlkey=ainto9ocwhpt0klieodqhmdca&dl=1	MISSING	UP9000-SLUS20906_00-FIGHTNIGHT2004PS2		3246104576	3246104576
SLPM62443	JP	Sega Ages 2500 Series Vol.08 - Virtua Racing (PS2CV)	https://www.dropbox.com/scl/fi/9bn8i311nm3c9hl1j7jd5/Sega-Ages-2500-Series-Vol.08-Virtua-Racing-PS2-Classics-Vault-PS2-Classics-SLPM62443.pkg?rlkey=syaidybfhcizoqbl9t9k36dri&dl=1	MISSING	JP9000-SLPM62443_00-SEGAAGES2500VOL8VRPS2		172810240	172810240
SCUS97105	US	FANTAVISION (PS2CV)	https://www.dropbox.com/scl/fi/gzqlriketn9c27q9o0u3k/Fantavision-PS2-Classics-Vault-PS2-Classics-SCUS97105.pkg?rlkey=nfbegqhvv0xyoj1n4573l9knu&dl=1	MISSING	UP9000-SCUS97105_00-FANTAVISIONPS2		1952763904	1952763904
SLUS20181	US	Escape from Monkey Island (PS2CV)	https://www.dropbox.com/scl/fi/66krtlb7uoogq4crnk0gu/Escape-from-Monkey-Island-PS2-Classics-Vault-PS2-Classics-SLUS20181.pkg?rlkey=9950azqgkj03dtkm39ptxzqzl&dl=1	MISSING	UP9000-SLUS20181_00-ESCAPEFROMMONKEYISLANDPS2		1825517568	1825517568
SCUS97104	US	ATV Off-Road Fury (PS2CV)	https://www.dropbox.com/scl/fi/dcgpc7hdzsi507djrxvlf/ATV-Off-Road-Fury-PS2-Classics-Vault-PS2-Classics-SCUS97104.pkg?rlkey=4l3i3hlolub7hs5audfhull1w&dl=1	MISSING	UP9000-SCUS97104_00-ATVOFFROADFURYPS2		903155712	903155712
SLUS21132	US	Stella Deus: The Gate Of Eternity (PS2CV)	https://www.dropbox.com/scl/fi/k8go6ndc2hyaxlmxqzjhr/Stella-Deus-The-Gate-of-Eternity-PS2-Classics-Vault-PS2-Classics-SLUS21132.pkg?rlkey=uc5dq114gsbjea95pi6albfzd&dl=1	MISSING	UP9000-SLUS21132_00-STELLADEUSTGOEPS2		3780784128	3780784128
SLUS01011	US	Front Mission 3 (PS1CV)	https://www.dropbox.com/scl/fi/hcx6dh4rs58llfnasv08w/Front-Mission-3-PS1-Classics-Vault-PS1-Classics.pkg?rlkey=asksnpdlxcvozbvxw4tce61ax&dl=1	MISSING	UP9000-SLUS01011_00-FRONTMISSION3PS1		622616576	622616576
SCUS94424	US	Bloody Roar 2 (PS1CV)	https://www.dropbox.com/scl/fi/gdbcv4czazd93gg9ribpk/Bloody-Roar-2-PS1-Classics-Vault-PS1-Classics.pkg?rlkey=lp5v7s2o10ftngxq6spcdb5xe&dl=1	MISSING	UP9000-SCUS94424_00-BLOODYROAR2PS1		558710784	558710784
SLUS00757	US	Quake 2 (PS1CV)	https://www.dropbox.com/scl/fi/2zb4f9x9fdjkmqjdjqvk1/Quake-2-PS1-Classics-Vault-PS1-Classics.pkg?rlkey=f8foxyod3osl3foi7dazi7w3n&dl=1	MISSING	UP9000-SLUS00757_00-QUAKE2PS1		365043712	365043712
SLUS20642	US	Auto Modellista (PS2CV)	https://www.dropbox.com/scl/fi/c1xd25lwt24miwndq6g4k/Auto-Modellista-PS2-Classics-Vault-PS2-Classics-SLUS20642.pkg?rlkey=01d3e3nmbab3rbki8bibs3pm2&dl=1	MISSING	UP9000-SLUS20642_00-AUTOMODELLISTAPS2		1550258176	1550258176
SLUS21899	US	Silent Hill: Shattered Memories (PS2CV)	https://www.dropbox.com/scl/fi/fc6icwwodz84mc1wibt2k/Silent-Hill-Shattered-Memories-PS2-Classics-Vault-PS2-Classics-SLUS21899.pkg?rlkey=lmwxn6rgdwxl1ehsnewz4ndy7&dl=1	MISSING	UP9000-SLUS21899_00-SILENTHILLSMPS2		1477324800	1477324800
SLUS20948	US	Crimson Tears (PS2CV)	https://www.dropbox.com/scl/fi/52to1pbvv782bc6eryfqq/Crimson-Tears-PS2-Classics-Vault-PS2-Classics-SLUS20948.pkg?rlkey=rks1kdxtlzq4vwu7w96fubph1&dl=1	MISSING	UP9000-SLUS20948_00-CRIMSONTEARSPS2		3708366848	3708366848
SLUS21216	US	Soul Calibur 3 (PS2CV)	https://www.dropbox.com/scl/fi/0446cfak41ujssoc6nt6c/Soul-Calibur-III-PS2-Classics-Vault-PS2-Classics-SLUS21216.pkg?rlkey=s0tnxt8ktjp5j2meovjvvk45n&dl=1	MISSING	UP9000-SLUS21216_00-SOULCALIBUR3PS2		4417273856	4417273856
SLUS21731	US	Silent Hill: Origins (PS2CV)	https://www.dropbox.com/scl/fi/kxneqkflit2vy2kt64btb/Silent-Hill-Origins-PS2-Classics-Vault-PS2-Classics-SLUS21731.pkg?rlkey=r289rz4dxuqs3wrjryn5qvd3z&dl=1	MISSING	UP9000-SLUS21731_00-SILENTHILLORIGINSPS2		3102253056	3102253056
SLUS20884	US	Spyro: A Hero's Tail (PS2CV)	https://www.dropbox.com/scl/fi/ud3qbrd6y77gl4ww2l4nu/Spyro-A-Hero-s-Tail-PS2-Classics-Vault-PS2-Classics-SLUS20884.pkg?rlkey=kgq4ggkg3o40cmd5cjvn0f7p7&dl=1	MISSING	UP9000-SLUS20884_00-SPYROAHEROSTAILPS2		1281904640	1281904640
SLUS21743	US	Code Lyoko: Quest for Infinity (PS2CV)	https://www.dropbox.com/scl/fi/thh0w3xvzbx0xhtp13lod/Code-Lyoko-Quest-for-Infinity-PS2-Classics-Vault-PS2-Classics-SLUS21743.pkg?rlkey=e6y3x0bohl9d08toufwptcl67&dl=1	MISSING	UP9000-SLUS21743_00-CODELYOKOQFIPS2		2893844480	2893844480
SLUS20309	US	Jade Cocoon 2 (PS2CV)	https://www.dropbox.com/scl/fi/ih6kwylo4tyxxjfgfw812/Jade-Cocoon-2-PS2-Classics-Vault-PS2-Classics-SLUS20309.pkg?rlkey=bh6cdvuppylou0t9wrz6rieaf&dl=1	MISSING	UP9000-SLUS20309_00-JADECOCOON2PS2		3124232192	3124232192
SLUS20314	US	TimeSplitters 2 (PS2CV)	https://www.dropbox.com/scl/fi/zbjpo6uzmw3idrcio9n6a/TimeSplitters-2-PS2-Classics-Vault-PS2-Classics-SLUS20314.pkg?rlkey=jbd7lrx8412ucap5z4n0pme59&dl=1	MISSING	UP9000-SLUS20314_00-TIMESPLITTERS2PS2		4728463360	4728463360
SLUS21658	US	Need for Speed: Pro Street (PS2CV)	https://www.dropbox.com/scl/fi/c73tex3f0jbrmkwg5ziq7/Need-for-Speed-ProStreet-PS2-Classics-Vault-PS2-Classics-SLUS21658.pkg?rlkey=348rh2woi4t6bbljutd4ob16e&dl=1	MISSING	UP9000-SLUS21658_00-NFSPROSTREETPS2		3732774912	3732774912
SLUS21372	US	The Legend of Spyro: A New Beginning (PS2CV)	https://www.dropbox.com/scl/fi/88jl7pzxba104za8hwlu3/The-Legend-of-Spyro-A-New-Beginning-PS2-Classics-Vault-PS2-Classics-SLUS21372.pkg?rlkey=yhx87p0n2bqqsin3pfyvto4jt&dl=1	MISSING	UP9000-SLUS21372_00-TLOSPYROANBPS2		3806158848	3806158848
SLUS20362	US	Need for Speed: Hot Pursuit 2 (PS2CV)	https://www.dropbox.com/scl/fi/k2mn00a5o01jomm2k4qrv/Need-for-Speed-Hot-Pursuit-2-PS2-Classics-Vault-PS2-Classics-SLUS20362.pkg?rlkey=g9ta814lb0l2uqtn8ppxjd20o&dl=1	MISSING	UP9000-SLUS20362_00-NFSHOTPURSUIT2PS2		3149717504	3149717504
SLUS21820	US	The Legend of Spyro: Dawn of The Dragon (PS2CV)	https://www.dropbox.com/scl/fi/3prmlze2889648w444s2s/The-Legend-of-Spyro-Dawn-of-the-Dragon-PS2-Classics-Vault-PS2-Classics-SLUS21820.pkg?rlkey=mqy9kepgrf7q5yrgn6sdf5xr8&dl=1	MISSING	UP9000-SLUS21820_00-TLOSPYRODOTDPS2		2699223040	2699223040
SLUS20069	US	The Bouncer (PS2CV)	https://www.dropbox.com/scl/fi/d5b9r46y0q0c0pbcd8enh/The-Bouncer-PS2-Classics-Vault-PS2-Classics-SLUS20069.pkg?rlkey=beme2nrc1pwr5aap72b399dez&dl=1	MISSING	UP9000-SLUS20069_00-THEBOUNCERPS2		2575949824	2575949824
SLUS21607	US	The Legend of Spyro: The Eternal Night (PS2CV)	https://www.dropbox.com/scl/fi/wgqs7787cl6q5wavjnzan/The-Legend-of-Spyro-The-Eternal-Night-PS2-Classics-Vault-PS2-Classics-SLUS21607.pkg?rlkey=zgzebpwbn8lckdk3odh8tay87&dl=1	MISSING	UP9000-SLUS21607_00-TLOSPYROTENPS2		3806212096	3806212096
SCUS97316	US	Sly 2: Band of Thieves (PS2CV)	https://www.dropbox.com/scl/fi/qyyk1q1hwt8ibebfa4wgj/Sly-2-Band-of-Thieves-PS2-Classics-Vault-PS2-Classics-SCUS97316.pkg?rlkey=jdfliiiai7abjhjfhjj95lvrk&dl=1	MISSING	UP9000-SCUS97316_00-SLY2BANDOFTHIEVESPS2		2912022528	2912022528
SLUS00804	US	Mr. Domino (PS1CV)	https://www.dropbox.com/scl/fi/hhen61stqtbdmgmz1162b/Mr-Domino-PS1-Classics-Vault-PS1-Classics.pkg?rlkey=ng5jq1t05wafs7z8yba1zey5y&dl=1	MISSING	UP9000-SLUS00804_00-MRDOMINOPS1		272592896	272592896
SCUS94449	US	Omega Boost (PS1CV)	https://www.dropbox.com/scl/fi/i9vbtsm78c9tig60kpx0a/Omega-Boost-PS1-Classics-Vault-PS1-Classics.pkg?rlkey=ge86htbm075gct3dr7v9quic6&dl=1	MISSING	UP9000-SCUS94449_00-OMEGABOOSTPS1		587112448	587112448
SLUS01144	US	Bugs Bunny & Taz: Time Busters (PS1CV)	https://www.dropbox.com/scl/fi/g5hb8raiec5og8uedqfjv/Bugs-Bunny-Taz-Time-Busters-PS1-Classics-Vault-PS1-Classics.pkg?rlkey=8jp4ukmwgo0x5nkpkpovdm2ch&dl=1	MISSING	UP9000-SLUS01144_00-BUGSBUNNY&TAZTBPS1		682856448	682856448
SLUS00428	US	Critical Depth (PS1CV)	https://www.dropbox.com/scl/fi/dax5ybmdlzqkyivw63t4l/Critical-Depth-PS1-Classics-Vault-PS1-Classics.pkg?rlkey=2ifpr4br9lj19bdrmrlm91lyx&dl=1	MISSING	UP9000-SLUS00428_00-CRITICALDEPTHPS1		775467008	775467008
SLUS01183	US	Star Wars Demolition (PS1CV)	https://www.dropbox.com/scl/fi/wazrmik2qkz0wpt6izwpd/STAR-WARS-Demolition-PS1-Classics-Vault-Ps1-Classics.pkg?rlkey=w6b5l7yw7mgg26kc0o2amzcrm&dl=1	MISSING	UP9000-SLUS01183_00-STARWARSDEMOLITIONPS1		673832960	673832960
SLUS00884	US	Star Wars Episode 1: The Phantom Menace (PS1CV)	https://www.dropbox.com/scl/fi/rwq33y9f7zklc1qlg406v/Star-Wars-The-Phantom-Menace-PS1-Classics-Vault-PS1-Classics.pkg?rlkey=sumvps1v9qye3397h9efymxh9&dl=1	MISSING	UP9000-SLUS00884_00-STARWARSEP1TPMPS1		682614784	682614784
SLUS01378	US	Spider-Man 2 (PS1CV)	https://www.dropbox.com/scl/fi/lmyuju1s44ukwx2ek07cp/Spider-Man-2-PS1-Classics-Vault-PS1-Classics.pkg?rlkey=1njlc2qc7t36a7u2szodr986r&dl=1	MISSING	UP9000-SLUS01378_00-SPIDERMAN2PS1		722042880	722042880
SLUS00875	US	Spider-Man (PS1CV)	https://www.dropbox.com/scl/fi/kn5878ggn39c4bkqxv2a3/Spider-Man-1-PS1-Classics-Vault-PS1-Classics.pkg?rlkey=1c6gm0e9lz638weviabub68l3&dl=1	MISSING	UP9000-SLUS00875_00-SPIDERMAN1PS1		734425088	734425088
SLUS21376	US	Black (PS2CV)	https://www.dropbox.com/scl/fi/90lw8k1n6r1c6mkkgnvng/Black-PS2-Classics-Vault-PS2-Classics-SLUS21376.pkg?rlkey=ig98c3hymm95r15r6f3sx7171&dl=1	MISSING	UP9000-SLUS21376_00-BLACKPS2		3948908544	3948908544
SLUS20393	US	Onimusha 2 - Samurai's Destiny (PS2CV)	https://www.dropbox.com/scl/fi/amycmexo7n8l6tts9bzjs/Onimusha-2-Samurai-s-Destiny-PS2-Classics-Vault-PS2-Classics-SLUS20393.pkg?rlkey=t7zlbrc4gx5q7ucww66ae0d67&dl=1	MISSING	UP9000-SLUS20393_00-ONIMUSHA2SDPS2		3814051840	3814051840
SLUS20939	US	Viewtiful Joe 2 (PS2CV)	https://www.dropbox.com/scl/fi/x68b2pvzvmr25pvg0t78s/Viewtiful-Joe-2-PS2-Classics-Vault-PS2-Classics-SLUS20939.pkg?rlkey=0wiuugz87129g6q2opm650rsy&dl=1	MISSING	UP9000-SLUS20939_00-VIEWTIFULJOE2PS2		1251454976	1251454976
SLUS20616	US	Virtua Fighter 4 - Evolution (PS2CV)	https://www.dropbox.com/scl/fi/1j7ft7gh1ix98c00kcp13/Virtua-Fighter-4-Evolution-PS2-Classics-Vault-PS2-Classics-SLUS20616.pkg?rlkey=ntf3lkdetifg5f7dpo3bh7905&dl=1	MISSING	UP9000-SLUS20616_00-VIRTUAFIGHTER4EVOLUTIONPS2		1582993408	1582993408
SLUS21583	US	Crash of The Titans (PS2CV)	https://www.dropbox.com/scl/fi/6lo925258n28mnpw0cbzi/Crash-of-the-Titans-PS2-Classics-Vault-PS2-Classics-SLUS21583.pkg?rlkey=y1wvwrci1yp9i4ct5dzdon9bg&dl=1	MISSING	UP9000-SLUS21583_00-CRASHOFTHETITANSPS2		3309305856	3309305856
SLUS21191	US	Crash Tag Team Racing (PS2CV)	https://www.dropbox.com/scl/fi/piatl6o1jnsbs7606m0ay/Crash-Tag-Team-Racing-PS2-Classics-Vault-PS2-Classics-SLUS21191.pkg?rlkey=oxk675yh4chbcgtw2od25v2bn&dl=1	MISSING	UP9000-SLUS21191_00-CRASHTAGTEAMRACINGPS2		3563991040	3563991040
SLUS20151	US	Klonoa 2: Lunatea's Veil (PS2CV)	https://www.dropbox.com/scl/fi/d334mgi26jk654xeruuag/Klonoa-2-Lunatea-s-Veil-PS2-Classics-Vault-PS2-Classics-SLUS20151.pkg?rlkey=erf5qodb50qm4m62351fks6a8&dl=1	MISSING	UP9000-SLUS20151_00-KLONOA2LUNATEASVEILPS2		1325907968	1325907968
SLUS20562	US	.Hack//Mutation Part 2 (PS2CV)	https://www.dropbox.com/scl/fi/bzvrobsa4yeta12shmv18/.hack-Part-2-Mutation-PS2-Classics-Vault-PS2-Classics-SLUS20562.pkg?rlkey=3idq8kcv8p20836b53xx5j0yv&dl=1	MISSING	UP9000-SLUS20562_00-DOTHACKMUTATIONPS2		3780378624	3780378624
SLUS20267	US	.Hack//Infection Part 1 (PS2CV)	https://www.dropbox.com/scl/fi/m5s54jcjlcon2gd6t0clx/.hack-Part-1-Infection-PS2-Classics-Vault-PS2-Classics-SLUS20267.pkg?rlkey=0b2zn2hddygfy0g04cvlipnt2&dl=1	MISSING	UP9000-SLUS20267_00-DOTHACKINFECTIONPS2		2625138688	2625138688
SLUS00119	US	DIE HARD Trilogy (PS1CV)	https://www.dropbox.com/scl/fi/j2gd8oim5mz2x7g5lza4t/DIE-HARD-Trilogy-PS1-Classics-Vault-PS1-Classics.pkg?rlkey=b20iq3jgfbvph9aygm7ghsh7h&dl=1	MISSING	UP9000-SLUS00119_00-DIEHARDTRILOGYPS1		605163520	605163520
SLUS01234	US	WWF SMACKDOWN! 2 - Know Your Role (PS1CV)	https://www.dropbox.com/scl/fi/cbfbpxdt7vmpirhaxrawm/WWF-SMACKDOWN-2-Know-Your-Role-PS1-Classics-Vault-PS1-Classics.pkg?rlkey=imj8jxvj0g1e5k2v1uo1j7gen&dl=1	MISSING	UP9000-SLUS01234_00-WWFSMACKDOWN2KYR		749875200	749875200
SLUS01191	US	Tom & Jerry in House Trap (PS1CV)	https://www.dropbox.com/scl/fi/8l5whpnl5rokzvkk75byl/Tom-Jerry-in-House-Trap-PS1-Classics-Vault-PS1-Classics.pkg?rlkey=pgbk0c8vd2z9rrgk7gn9udnws&dl=1	MISSING	UP9000-SLUS01191_00-TOM&JERRYINHOUSETRAP		133574656	133574656
SLUS01066	US	Tony Hawk's Pro Skater 2 (PS1CV)	https://www.dropbox.com/scl/fi/2ld4x87q47hakvged8v2l/Tony-Hawk-s-Pro-Skater-2-PS1-Classics-Vault-PS1-Classics.pkg?rlkey=ck8foh6yw2p5sqytnsck5jk9t&dl=1	MISSING	UP9000-SLUS01066_00-TONYHAWKSPROSKATER2PS1		751640576	751640576
SLPS01762	JP	PEPSIMAN (PS1CV)	https://www.dropbox.com/scl/fi/0s8tukq8obkw82mfe144n/PEPSIMAN-PS1-Classics-Vault-PS1-Classics.pkg?rlkey=y032nsav11otdt0yx7y5ilvy7&dl=1	MISSING	JP9000-SLPS01762_00_PEPSIMAN		231555072	231555072
SLUS00684	US	Jackie Chan - Stuntmaster (PS1CV)	https://www.dropbox.com/scl/fi/jzfiefw55r7zuwl7ovd8y/Jackie-Chan-Stuntmaster-PS1-Classics-Vault-PS1-Classics.pkg?rlkey=8zko9225fbjvsagdstryb7vg6&dl=1	MISSING	UP9000-SLUS00684_00-JACKIECHANSTUNMASTER		631603200	631603200
SLUS00348	US	Hexen (PS1CV)	https://www.dropbox.com/scl/fi/1psy205nnedsfv38n8ver/HEXEN-PS1-Classics-Vault-PS1-Classics.pkg?rlkey=66n7nsrk1fjesi64ofc8ncdcb&dl=1	MISSING	UP9000-SLUS00348_00-HEXEN		688357376	688357376
SLUS00331	US	Final Doom (PS1CV)	https://www.dropbox.com/scl/fi/ifuge2kzu5h3blvy50jdh/FINAL-DOOM-PS1-Classics-Vault-PS1-Classics.pkg?rlkey=tqe7y6uf3g26lq3x793ai7636&dl=1	MISSING	UP9000-SLUS00331_00-FINALDOOM		271908864	271908864
SLUS01161	US	Driver 2 - The Wheelman is Back! (PS1CV)	https://www.dropbox.com/scl/fi/pyn59njd1j211ai2bih8t/Driver-2-PS1-Classics-Vault-PS1-Classics.pkg?rlkey=qj0stvhxuyzvdn1xbpnlw80ad&dl=1	MISSING	UP9000-SLUS01161_00-DRIVER2		1256898560	1256898560
SCUS94350	US	Destruction Derby 2 (PS1CV)	https://www.dropbox.com/scl/fi/5rm82piq95kyfttjja0zb/Destruction-Derby-2-PS1-Classics-Vault-PS1-Classics.pkg?rlkey=1h3elky3h4ikvgr2y3qbwyu55&dl=1	MISSING	UP9000-SCUS94350_00-DESTRUCTIONDERBY2		707756032	707756032
SLUS01209	US	Disney's Goofy's Fun House (PS1CV)	https://www.dropbox.com/scl/fi/1m56nor5q3dqgv7jdcjf9/Disney-s-Goofy-s-Fun-House-PS1-Classics-Vault-PS1-Classics.pkg?rlkey=rsrrvonfrvdj7nvyebqtnzzxw&dl=1	MISSING	UP9000-SLUS01209_00-DISNEYSGOOFYSFUNHOUSE		748937216	748937216
SLUS01384	US	Castlevania Chronicles (PS1CV)	https://www.dropbox.com/scl/fi/nfm153xxxla0r3db3yhxv/Castlevania-Chronicles-PS1-Classics-Vault-PS1-Classics.pkg?rlkey=ut64lt2kkorjx6dv4j57jshr8&dl=1	MISSING	UP9000-SLUS01384_00-CASTLEVANIACHRONICLES		531914752	531914752
SLUS00634	US	Croc 2 (PS1CV)	https://www.dropbox.com/scl/fi/7t0she215swbp8517udsq/Croc-2-PS1-Classics-Vault-PS1-Classics.pkg?rlkey=joujnmxdewq6varzirqccq38h&dl=1	MISSING	UP9000-SLUS00634_00-CROC2		698097664	698097664
SLUS00530	US	Croc (PS1CV)	https://www.dropbox.com/scl/fi/pkk6uxs8y0yvcihch2d9x/Croc-PS1-Classics-Vault-PS1-Classics.pkg?rlkey=xadtohzlmmla86aghovoogs8n&dl=1	MISSING	UP9000-SLUS00530_00-CROC		702382080	702382080
SCUS94570	US	Crash Bash (PS1CV)	https://www.dropbox.com/scl/fi/2htnnoqbg8af2d5jrtyza/Crash-Bash-PS1-Classics-Vault-PS1-Classics.pkg?rlkey=j2miso13te8jztw78pjh6m95m&dl=1	MISSING	UP9000-SCUS94570_00-CRASHBASH		184799232	184799232
SLUS21842	US	Dragon Ball Z: Infinite World (PS2CV)	https://www.dropbox.com/scl/fi/rie14tps92rgj8c15z73c/DragonBall-Z-Infinite-World-PS2-Classics-Vault-PS2-Classics-SLUS21842.pkg?rlkey=90vad41snubzoyxkwp1kux5hd&dl=1	MISSING	UP0215-SLUS21842_00-DRAGONBALLZIWPS2		2486415360	2486415360
SLES52202	EU	Downhill Domination [PAL] (PS2CV)	https://www.dropbox.com/scl/fi/jgxhw2vs3f4tdc9f5zr80/Downhill-Domination-PAL-PS2-Classics-Vault-PS2-Classics-SLES52202.pkg?rlkey=dcmipiip81gsq9z77c4p2jjfl&dl=1	MISSING	EP0214-SLES52202_00-DOWNHILLDOMINATIONPALPS2		2798780416	2798780416
SCUS97177	US	Downhill Domination (PS2CV)	https://www.dropbox.com/scl/fi/83iu5xpktn417mkq11hyv/Downhill-Domination-PS2-Classics-Vault-PS2-Classics-SCUS97177.pkg?rlkey=6xz8g8m1m9f5st6p1exwe3ui6&dl=1	MISSING	UP0213-SCUS97177_00-DOWNHILLDOMINATIONPS2		2557915136	2557915136
SCES53642	EU	Ape Escape 3 [PAL] (PS2CV)	https://www.dropbox.com/scl/fi/n8twfkx5mt95mfv4e0m6r/Ape-Escape-3-PAL-PS2-Classics-Vault-PS2-Classics-SCES53642.pkg?rlkey=nurget6gpuyqruet5ak71harz&dl=1	MISSING	EP0212-SCES53642_00-APEESCAPE3PALVERSIONPS2		3974074368	3974074368
SCES50885	EU	Ape Escape 2 [PAL] (PS2CV)	https://www.dropbox.com/scl/fi/gof31zqqpi9ycfwfhrbdl/Ape-Escape-2-PAL-PS2-Classics-Vault-PS2-Classics-SCES50885.pkg?rlkey=kg9mhffvtkzzhnom6ox05931n&dl=1	MISSING	EP0211-SCES50885_00-APEESCAPE2PALVERSIONPS2		1835515904	1835515904
SCES53247	EU	WRC: Rally Evolved (PS2CV)	https://www.dropbox.com/scl/fi/m9t8k07sm2nxu76gn96pk/WRC-World-Rally-Championship-Rally-Evolved-PS2-Classics-Vault-PS2-Classics-SCES53247.pkg?rlkey=2lz3qb5fi6i5s0x5v02r3tnxq&dl=1	MISSING	EP0210-SCES53247_00-WRCRALLYEVOLVEDPS2		3719634944	3719634944
SLUS21221	US	Magna Carta: Tears of Blood (PS2CV)	https://www.dropbox.com/scl/fi/i87557bnj59mjgcy8qd2a/Magna-Carta-Tears-of-Blood-PS2-Classics-Vault-PS2-Classics-SLUS21221.pkg?rlkey=zj3evtol8ncwppcnu5q8xvdfd&dl=1	MISSING	UP0209-SLUS21221_00-MAGNACARTATOBPS2		3587665920	3587665920
SLUS20277	US	Dynasty Warriors 3 (PS2CV)	https://www.dropbox.com/scl/fi/4q0scusqcizwboeorknh7/Dynasty-Warriors-3-PS2-Classics-Vault-PS2-Classics-SLUS20277.pkg?rlkey=y6gfmf0na2zahiaba0ec5uejm&dl=1	MISSING	UP0208-SLUS20277_00-DYNASTYWARRIORS3PS2		2287685632	2287685632
SLUS21873	US	Dynasty Warriors: Gundam 2 (PS2CV)	https://www.dropbox.com/scl/fi/r7bgq7sfy3gp9s9xtb7ca/Dynasty-Warriors-Gundam-2-PS2-Classics-Vault-PS2-Classics-SLUS21873.pkg?rlkey=w88nuyrq8x8ugcei9h08onnq3&dl=1	MISSING	UP0207-SLUS21873_00-DYNASTYWARRIORSG2PS2		3570003968	3570003968
SLUS21346	US	Ace Combat Zero: The Belkan War (PS2CV)	https://www.dropbox.com/scl/fi/62dnkh23s7erguwwmodrf/Ace-Combat-Zero-The-Belkan-War-PS2-Classics-Vault-PS2-Classics-SLUS21346.pkg?rlkey=pjj77paxtz5o9l2qy94xgjniv&dl=1	MISSING	UP0206-SLUS21346_00-ACECOMBAT0TBWPS2		4272627712	4272627712
SLUS20421	US	Battlestar Galactica (PS2CV)	https://www.dropbox.com/scl/fi/71yndynzv3807sr05lrp8/Battlestar-Galactica-PS2-Classics-Vault-PS2-Classics-SLUS20421.pkg?rlkey=t6r4uurqt1yevia575ngnt2jw&dl=1	MISSING	UP0205-SLUS20421_00-BATTLESTARGALACTICAPS2		1674059776	1674059776
SLUS21154	US	Killer 7 (PS2CV)	https://www.dropbox.com/scl/fi/seangodjsspsakzldkix0/Killer-7-PS2-Classics-Vault-PS2-Classics-SLUS21154.pkg?rlkey=i98rxqh0l85smq0y45htguj7r&dl=1	MISSING	UP0204-SLUS21154_00-KILLER7PS2		3035181056	3035181056
SCUS97402	US	Killzone (PS2CV)	https://www.dropbox.com/scl/fi/1jqm2hzaq00dd6s38w1rc/Killzone-PS2-Classics-Vault-PS2-Classics-SCUS97402.pkg?rlkey=b8z8gxoxdyn8a7814l2w1mty5&dl=1	MISSING	UP0203-SCUS97402_00-KILLZONEPS2		4655931392	4655931392
SLUS20004	US	Army Men: Air Attack 2 (PS2CV)	https://www.dropbox.com/scl/fi/1lyomnkdhejdq3gc61m3y/Army-Men-Air-Attack-2-PS2-Classics-Vault-PS2-Classics-SLUS20004.pkg?rlkey=562wyoahggjnafbw6rj1kfywt&dl=1	MISSING	UP0202-SLUS20004_00-ARMYMENAIRATTACK2PS2		670081024	670081024
SCUS97429	US	Jak X: Combat Racing (PS2CV)	https://www.dropbox.com/scl/fi/8jq9dgt1nktldzpl5v0bn/Jak-X-Combat-Racing-PS2-Classics-Vault-PS2-Classics-SCUS97429.pkg?rlkey=ijhslwlda1sd24wpedoqberr7&dl=1	MISSING	UP0201-SCUS97429_00-JAKXCOMBATRACINGPS2		4695199744	4695199744
SLUS21026	US	BATTLEFIELD 2: Modern Combat (PS2CV)	https://www.dropbox.com/scl/fi/vq3vm29wqv9affpebpwe0/Battlefield-2-Modern-Combat-PS2-Classics-Vault-PS2-Classics-SLUS21026.pkg?rlkey=rr4wh4zxolu8r1nryr5gwdcie&dl=1	MISSING	UP0200-SLUS21026_00-BATTLEFIELD2MCPS2		3645308928	3645308928
SLUS21283	US	Total Overdose: A Gunslinger's Tale in Mexico (PS2CV)	https://www.dropbox.com/scl/fi/50haew2z66m7lgxjd72xm/Total-Overdose-A-Gunslinger-s-Tale-in-Mexico-PS2-Classics-Vault-PS2-Classics-SLUS21283.pkg?rlkey=1amyhu9195pk5i4y761l03hnb&dl=1	MISSING	UP0199-SLUS21283_00-TOTALOVERDOSE2PS2		4726317056	4726317056
SLUS21594	US	Naruto: Uzumaki Chronicles 2 (PS2CV)	https://www.dropbox.com/scl/fi/opufj8gp3lif4d58g3eso/Naruto-Uzumaki-Chronicles-2-PS2-Classics-Vault-PS2-Classics-SLUS21594.pkg?rlkey=4r4o5cojpte6wwhmfixbcu8wi&dl=1	MISSING	UP0198-SLUS21594_00-NARUTOUC2PS2		1314947072	1314947072
SLUS21205	US	Aeon Flux (PS2CV)	https://www.dropbox.com/scl/fi/t4gycth27qf1o6b67agix/Aeon-Flux-PS2-Classics-Vault-PS2-Classics-SLUS21205.pkg?rlkey=6pyjtlhvnoxpi9ogvke3wnc6x&dl=1	MISSING	UP0197-SLUS21205_00-AEONFLUXPS2		2668683264	2668683264
SLUS20170	US	The Adventures of Cookie & Cream (PS2CV)	https://www.dropbox.com/scl/fi/rznegeeh29e22alm9d4q4/The-Adventures-of-Cookie-Cream-PS2-Classics-Vault-PS2-Classics-SLUS20170.pkg?rlkey=tdltiub7vg4uvzwxivm56r39g&dl=1	MISSING	UP0196-SLUS20170_00-THEADVENTURESOFC&CPS2		1470656512	1470656512
SLUS20588	US	Activision Anthology (PS2CV)	https://www.dropbox.com/scl/fi/hzguvewt89ebs5jis98ba/Activision-Anthology-PS2-Classics-Vault-PS2-Classics-SLUS20588.pkg?rlkey=tckbe9fohqmxhkk7ymca3t1ah&dl=1	MISSING	UP0195-SLUS20588_00-ACTIVISIONANTHOLOGYPS2		1462591488	1462591488
SLUS21139	US	GUN (PS2CV)	https://www.dropbox.com/scl/fi/17qmurwuwmwrq52b93sat/Gun-PS2-Classics-Vault-PS2-Classics-SLUS21139.pkg?rlkey=q833ckb6yrf9uahzagr8ga980&dl=1	MISSING	UP0194-SLUS21139_00-GUNPS2		3055255552	3055255552
SLUS20913	US	Inuyasha: The Secret of the Cursed Mask (PS2CV)	https://www.dropbox.com/scl/fi/br2sigq07r7u1gtoaupof/Inuyasha-The-Secret-of-The-Cursed-Mask-PS2-Classics-Vault-PS2-Classics-SLUS20913.pkg?rlkey=b2ws8p5bz678o5edsh7rjrrwq&dl=1	MISSING	UP0193-SLUS20913_00-INUYASHATHESOTCM		3232788480	3232788480
SLUS21388	US	The Sopranos - Road to Respect (PS2CV)	https://www.dropbox.com/scl/fi/4c80hoao1amk3kw66d3yt/The-Sopranos-Road-to-Respect-PS2-Classics-Vault-PS2-Classics-SLUS21388.pkg?rlkey=bvzs6guu9ta2rc3ge60bjwx6o&dl=1	MISSING	UP0192-SLUS21388_00-THESOPRANOSROADTORESPECT		4394913792	4394913792
BLUS30261	US	The Godfather 2 License (PS3CV)	https://www.dropbox.com/scl/fi/s5fts99mx1tgtnlgruh2i/The_Godfather_2_License.pkg?rlkey=sux36uehafpratr6erhj4eoec&dl=1	MISSING	UP0191-BLUS30261_00-THEGODFATHER2LICENSEPS3		102400	102400
BLUS30261	US	The Godfather 2 (PS3CV)	https://www.dropbox.com/scl/fi/bobhisg5c5in2t2hcfcgz/The_Godfather_2_PS3.pkg?rlkey=1a0z4o0gp9e5qlb9hy8qqfl4c&dl=1	MISSING	UP0191-BLUS30261_00-THEGODFATHER2PS3		10606718976	10606718976
BLUS30192	US	Call of Duty: World at War License (PS3CV)	https://www.dropbox.com/scl/fi/ijn4ldz26v0pmckzmji18/Call_of_Duty_World_at_War_PS3_License.pkg?rlkey=3jl623ao1usra64l671pzaf8q&dl=1	MISSING	UP0190-BLUS30192_00-CODWAWLICENSEPS3		102400	102400
BLUS30192	US	Call of Duty: World at War (PS3CV)	https://www.dropbox.com/scl/fi/57nk464jz11rn3dxot9i5/Call_of_Duty_World_at_War_PS3.pkg?rlkey=bae27jre52bshg78mukcznezw&dl=1	MISSING	UP0189-BLUS30192_00-CODWAWGAMEPS3		11853578240	11853578240
SLUS20504	US	Tony Hawk's Pro Skater 4 (PS2CV)	https://www.dropbox.com/scl/fi/wsm72silo0t90tl98sbot/Tony-Hawk-s-Pro-Skater-4-PS2-Classics-Vault-PS2-Classics-SLUS20504.pkg?rlkey=on2i2cyuexlilmwpy2ojpzd0g&dl=1	MISSING	UP0188-SLUS20504_00-TONYHAWKSPROSKATER4PS2		3420798976	3420798976
SLUS20152	US	Ace Combat 04: Shattered Skies (PS2CV)	https://www.dropbox.com/scl/fi/h5llxx57h7weqcyrn3pvl/Ace-Combat-4-Shattered-Skies-PS2-Classics-Vault-PS2-Classics-SLUS20152.pkg?rlkey=hq4gzp89h9x5zo2pn82agjwu7&dl=1	MISSING	UP0187-SLUS20152_00-ACECOMBAT04SSPS2		3584704512	3584704512
SLUS20288	US	Godai: Elemental Force (PS2CV)	https://www.dropbox.com/scl/fi/8t1qa152o12oqmyzp6cbu/Godai-Elemental-Force-PS2-Classics-Vault-PS2-Classics-SLUS20288.pkg?rlkey=dyvm8316xrr8nlcl330kclsjy&dl=1	MISSING	UP0186-SLUS20288_00-GODAIEFPS2		498331648	498331648
SLUS21155	US	Codename: Kids Next Door - Operation: V.I.D.E.O.G.A.M.E (PS2CV)	https://www.dropbox.com/scl/fi/74k1hca2agz9jgp3lph7e/Codename-Kids-Next-Door-Operation-V.I.D.E.O.G.A.M.E-PS2-Classics-Vault-PS2-Classics-SLUS21155.pkg?rlkey=fb6mfmsw9918lrp83dsrdbhm2&dl=1	MISSING	UP0185-SLUS21155_00-CNKNDOVPS2		4699586560	4699586560
SLUS20639	US	Def Jam: Vendetta (PS2CV)	https://www.dropbox.com/scl/fi/4djqfsc92eyz6rj1hdi3v/Def-Jam-Vendetta-PS2-Classics-Vault-PS2-Classics-SLUS20639.pkg?rlkey=vo1h4py0u075kz1ge6te3aa2l&dl=1	MISSING	UP0184-SLUS20639_00-DEFJAMVENDETTAPS2		2242048000	2242048000
SLUS20344	US	Rez (PS2CV)	https://www.dropbox.com/scl/fi/uz8fjb943rod0tc9iqmpo/Rez-PS2-Classics-Vault-PS2-Classics-SLUS20344.pkg?rlkey=5zbc0suk78k9q1i3pjddvurqd&dl=1	MISSING	UP0183-SLUS20344_00-REZPS2		252186624	252186624
SLUS20966	US	State of Emergency 2 (PS2CV)	https://www.dropbox.com/scl/fi/v6o9fy4fmbbhehuij3fhy/State-of-Emergency-2-PS2-Classics-Vault-PS2-Classics-SLUS20966.pkg?rlkey=y2y736fkmbpqnn4lt7bg3go9p&dl=1	MISSING	UP0182-SLUS20966_00-STATEOFEMERGENCY2PS2		2779258880	2779258880
SLUS20214	US	State of Emergency (PS2CV)	https://www.dropbox.com/scl/fi/z8a79mdgzc86myedzno3i/State-of-Emergency-PS2-Classics-Vault-PS2-Classics-SLUS20214.pkg?rlkey=3ay6dn4aef458lsxt8rbdlv18&dl=1	MISSING	UP0181-SLUS20214_00-STATEOFEMERGENCYPS2		4696879104	4696879104
SLUS20205	US	Casper Spirit Dimensions (PS2CV)	https://www.dropbox.com/scl/fi/2d4frabvdi3xs1th0epik/Casper-Spirit-Dimensions-PS2-Classics-Vault-PS2-Classics-SLUS20205.pkg?rlkey=7xkygzpvn0ebu6n90e9a1hhup&dl=1	MISSING	UP0180-SLUS20205_00-CASPERSPIRITDIMENSIONSPS2		536174592	536174592
SLUS20743	US	Prince of Persia - The Sands of Time (PS2CV)	https://www.dropbox.com/scl/fi/gfu8ifshjjgwhjv978lx7/Prince-of-Persia-The-Sands-of-Time-PS2-Classics-Vault-PS2-Classics-SLUS20743.pkg?rlkey=ndcvwgs4drhmg8urfsj0ym2h5&dl=1	MISSING	UP0179-SLUS20743_00-PRINCEOFPERSIATSOTPS2		2438512640	2438512640
SCUS97198	US	Sly Cooper & The Thievius Racconus (PS2CV)	https://www.dropbox.com/scl/fi/y74nxipnsvx9xlenkq5du/Sly-Cooper-and-the-Thievius-Raccoonus-PS2-Classics-Vault-PS2-Classics-SCUS97198.pkg?rlkey=qxo5o7c6vsuu4wv2rm412qwea&dl=1	MISSING	UP0178-SCUS97198_00-SLYCOOPER&TTRPS2		2830893056	2830893056
SLUS21004	US	Def Jam: Fight for NY (PS2CV)	https://www.dropbox.com/scl/fi/dvyjbj00hz3ppmx8591b9/Def-Jam-Fight-for-NY-PS2-Classics-Vault-PS2-Classics-SLUS21004.pkg?rlkey=i6u4ikfdl58jk3icgb4tdkstq&dl=1	MISSING	UP0177-SLUS21004_00-DEFJAMFIGHTFORNYPS2		4727058432	4727058432
SLUS21627	US	Jackass - The Game (PS2CV)	https://www.dropbox.com/scl/fi/yq9abqs4vs4o6ow3lc39a/Jackass-The-Game-PS2-Classics-Vault-PS2-Classics-SLUS21627.pkg?rlkey=ym55pwunu44xu1kvjz57m1bxj&dl=1	MISSING	UP0176-SLUS21627_00-JACKASSTHEGAMEPS2		4198420480	4198420480
SLUS20776	US	Spider-Man 2 (PS2CV)	https://www.dropbox.com/scl/fi/bixfqd6992euzxkcvr2n0/Spider-Man-2-PS2-Classics-Vault-PS2-Classics-SLUS20776.pkg?rlkey=plo5gmh06o8lo3a4hfjhh4qyl&dl=1	MISSING	UP0175-SLUS20776_00-SPIDER-MAN2PS2		4166942720	4166942720
SCUS97472	US	Shadow of the Colossus (PS2CV)	https://www.dropbox.com/scl/fi/4g11anbu7ummx98l4h7y0/Shadow-of-the-Colossus-PS2-Classics-Vault-PS2-Classics-SCUS97472.pkg?rlkey=ca2hp60yp9i6801tz7ut4i3as&dl=1	MISSING	UP0174-SCUS97472_00-SHADOWOFTHECOLOSSUSPS2		2719617024	2719617024
SLUS20685	US	Ape Escape 2 (PS2CV)	https://www.dropbox.com/scl/fi/r2p424qyf2x2cg88ulax9/Ape-Escape-2-PS2-Classics-Vault-PS2-Classics-SLUS20685.pkg?rlkey=h761tx3lr12u4t3nmkqqjzgoh&dl=1	MISSING	UP0173-SLUS20685_00-APEESCAPE2PS2		1805037568	1805037568
SLUS20870	US	Ultimate Spider-Man (PS2CV)	https://www.dropbox.com/scl/fi/hfy02f3ygocoocwb7ccee/Ultimate-Spider-Man-PS2-Classics-Vault-PS2-Classics-SLUS20870.pkg?rlkey=8t9mwymhzmt92d3vc1bda2gdi&dl=1	MISSING	UP0172-SLUS20870_00-ULTIMATESPIDER-MANPS2		4186173440	4186173440
SLUS21065	US	Need for Speed: Underground 2 (PS2CV)	https://www.dropbox.com/scl/fi/1xijv4hytusfxrtnouioc/Need-for-Speed-Underground-2-PS2-Classics-Vault-PS2-Classics-SLUS21065.pkg?rlkey=h0dueqy6400oi48t9korpco6o&dl=1	MISSING	UP0171-SLUS21065_00-NFSUNDERGROUND2PS2		2903474176	2903474176
SLUS20811	US	Need for Speed: Underground (PS2CV)	https://www.dropbox.com/scl/fi/xj6vaoihxpdb9yapcfke0/Need-for-Speed-Underground-PS2-Classics-Vault-PS2-Classics-SLUS20811.pkg?rlkey=sdzk738fthx9pa9700vipuay9&dl=1	MISSING	UP0170-SLUS20811_00-NFSUNDERGROUNDPS2		2756141056	2756141056
SLUS21373	US	Drakengard 2 (PS2CV)	https://www.dropbox.com/scl/fi/5omp35owatlaihccr1fk8/Drakengard-2-PS2-Classics-Vault-PS2-Classics-SLUS21373.pkg?rlkey=04txaz1c64f27qyc7287sh37a&dl=1	MISSING	UP0169-SLUS21373_00-DRAKENGARD2PS2		4403826688	4403826688
SLUS20732	US	Drakengard (PS2CV)	https://www.dropbox.com/scl/fi/yhp454e8fj91wo4jtni7u/Drakengard-PS2-Classics-Vault-PS2-Classics-SLUS20732.pkg?rlkey=sf2t1qe9s40hqjh5boyrco7cc&dl=1	MISSING	UP0168-SLUS20732_00-DRAKENGARD1PS2		4434501632	4434501632
SLUS21417	US	Xenosaga Episode 3: Also Sprach Zarathustra [Disc 2] (PS2CV)	https://www.dropbox.com/scl/fi/itk9bg6d4lpudj6mwgfcc/Xenosaga-Episode-3-Also-Sprach-Zarathustra-Disc-2-PS2-Classics-Vault-PS2-Classics-SLUS21417.pkg?rlkey=i4b54wa7xbc40ko1bp0e3fezt&dl=1	MISSING	UP0167-SLUS21417_00-XENOSAGAEP3DISC2PS2		4548083712	4548083712
SLUS21389	US	Xenosaga Episode 3: Also Sprach Zarathustra [Disc 1] (PS2CV)	https://www.dropbox.com/scl/fi/upyffed5ksa70kptof7qo/Xenosaga-Episode-3-Also-Sprach-Zarathustra-Disc-1-PS2-Classics-Vault-PS2-Classics-SLUS21389.pkg?rlkey=8hbrg5yasqvfxgf3pk2cyt1eh&dl=1	MISSING	UP0166-SLUS21389_00-XENOSAGAEP3DISC1PS2		3953328128	3953328128
SLUS21133	US	Xenosaga Episode 2: Jenseits von Gut und Bose [Disc 2] (PS2CV)	https://www.dropbox.com/scl/fi/vwn2gfo2x86vkbwe94mqp/Xenosaga-Episode-2-Jenseits-von-Gut-und-Bose-Disc-2-PS2-Classics-Vault-PS2-Classics-SLUS21133.pkg?rlkey=yrj3tmohipqhyu7kryepy7mib&dl=1	MISSING	UP0165-SLUS21133_00-XENOSAGAEP2DISC2PS2		4723728384	4723728384
SLUS20892	US	Xenosaga Episode 2: Jenseits von Gut und Bose [Disc 1] (PS2CV)	https://www.dropbox.com/scl/fi/kk5m7fn032bfd4tljl4vd/Xenosaga-Episode-2-Jenseits-von-Gut-und-Bose-Disc-1-PS2-Classics-Vault-PS2-Classics-SLUS20892.pkg?rlkey=sbw4sqzc4cm37mfcvr3wc9yft&dl=1	MISSING	UP0164-SLUS20892_00-XENOSAGAEP2DISC1PS2		4710854656	4710854656
SLUS20469	US	Xenosaga Episode 1: Der Wille zur Macht (PS2CV)	https://www.dropbox.com/scl/fi/pk3e9hrcph93m70wwrlwk/Xenosaga-Episode-1-Der-Wille-zur-Macht-PS2-Classics-Vault-PS2-Classics-SLUS20469.pkg?rlkey=81uq1j72x9exrltap35z5ec0q&dl=1	MISSING	UP0163-SLUS20469_00-XENOSAGAEP1PS2		8505749504	8505749504
SLUS20851	US	Ace Combat 5: The Unsung War (PS2CV)	https://www.dropbox.com/scl/fi/pw11diybr5ej3n0d20k8x/Ace-Combat-5-The-Unsung-War-PS2-Classics-Vault-PS2-Classics-SLUS20851.pkg?rlkey=miyz6zm230x771uskd07zga3h&dl=1	MISSING	UP0162-SLUS20851_00-ACECOMBAT5TUWPS2		4472975360	4472975360
SLUS21338	US	Armored Core: Last Raven (PS2CV)	https://www.dropbox.com/scl/fi/f5az2564f9fefb8jefmln/Armored-Core-Last-Raven-PS2-Classics-Vault-PS2-Classics-SLUS21338.pkg?rlkey=xenzvluv3j90is0g7ehfjl1an&dl=1	MISSING	UP0161-SLUS21338_00-ARMOREDCORELRPS2		2989682688	2989682688
SLUS21200	US	Armored Core: Nine Breaker (PS2CV)	https://www.dropbox.com/scl/fi/c6ckb420m4mrschtdbbm9/Armored-Core-Nine-Breaker-PS2-Classics-Vault-PS2-Classics-SLUS21200.pkg?rlkey=jirgw15ltk3p86nvd2cnsbo1f&dl=1	MISSING	UP0160-SLUS21200_00-ARMOREDCORENBPS2		2549477376	2549477376
SCUS97399	US	God of War (PS2CV)	https://www.dropbox.com/scl/fi/lvvnkfuygsi6wioa2shp6/God-of-War-PS2-Classics-Vault-PS2-Classics-SCUS97399.pkg?rlkey=yoxvedowbn018qgfl2va45wpm&dl=1	MISSING	UP0159-SCUS97399_00-GODOFWARPS2		8563904512	8563904512
SLUS20644	US	Armored Core 3: Silent Line (PS2CV)	https://www.dropbox.com/scl/fi/cqiuzuw1u760tcf3o2nw4/Armored-Core-3-Silent-Line-PS2-Classics-Vault-PS2-Classics-SLUS20644.pkg?rlkey=g2yey3x9ytaes3nx132p9rs6p&dl=1	MISSING	UP0158-SLUS20644_00-ARMOREDCORE3SLPS2		1735413760	1735413760
SLUS20249	US	Armored Core 2: Another Age (PS2CV)	https://www.dropbox.com/scl/fi/i8v7s2vdylgitrkkluica/Armored-Core-2-Another-Age-PS2-Classics-Vault-PS2-Classics-SLUS20249.pkg?rlkey=kr6vs8snoakt76xuces8m3lzb&dl=1	MISSING	UP0157-SLUS20249_00-ARMOREDCORE2AAPS2		3816992768	3816992768
SLUS20014	US	Armored Core 2 (PS2CV)	https://www.dropbox.com/scl/fi/8d90i5ukh6b3u7zy34jut/Armored-Core-2-PS2-Classics-Vault-PS2-Classics-SLUS20014.pkg?rlkey=zkj6sqf6l8jrff866qowewqtq&dl=1	MISSING	UP0156-SLUS20014_00-ARMOREDCORE2PS2		3576918016	3576918016
SLUS21769	US	Yakuza 2 (PS2CV)	https://www.dropbox.com/scl/fi/mv02fxuxisl1m3z3fhe7a/Yakuza-2-PS2-Classics-Vault-PS2-Classics-SLUS21769.pkg?rlkey=gb81jiqdbry7tzeedm1got4ex&dl=1	MISSING	UP0154-SLUS21769_00-YAKUZA2PS2		8325959680	8325959680
SLUS21348	US	Yakuza (PS2CV)	https://www.dropbox.com/scl/fi/3fmmyqhwx1i1fv8881x7y/Yakuza-PS2-Classics-Vault-PS2-Classics-SLUS21348.pkg?rlkey=huviv1o3tc6mfxypcga9mxgf9&dl=1	MISSING	UP0153-SLUS21348_00-YAKUZAPS2		4421484544	4421484544
SLUS21846	US	Sonic Unleashed (PS2CV)	https://www.dropbox.com/scl/fi/2z3gprrrvpkw1vs228pfv/Sonic-Unleashed-PS2-Classics-Vault-PS2-Classics-SLUS21846.pkg?rlkey=2inrogivf2yqdkweiqdy5b52r&dl=1	MISSING	UP0152-SLUS21846_00-SONICUNLEASHEDPS2		4714258432	4714258432
SLUS21642	US	Sonic Riders: Zero Gravity (PS2CV)	https://www.dropbox.com/scl/fi/he4c5txufj87c7lpxblev/Sonic-Riders-Zero-Gravity-PS2-Classics-Vault-PS2-Classics-SLUS21642.pkg?rlkey=w0g9z9az1u2tp4iob9wye4vk5&dl=1	MISSING	UP0151-SLUS21642_00-SONICRIDERSZGPS2		4731326464	4731326464
SLUS20467	US	Tomb Raider: The Angel of Darkness (PS2CV)	https://archive.org/download/tomb-raider-the-angel-of-darkness-ps2-classics-vault-ps2-classics-slus20467/Tomb%20Raider%20-%20The%20Angel%20of%20Darkness%20%28PS2%20Classics%20Vault%29%20%5BPS2%20Classics%5D%20%5BSLUS20467%5D.pkg	MISSING	UP0150-SLUS20467_00-TOMBRAIDERTAODPS2		3455385600	3455385600
SLUS21261	US	Shadow The Hedgehog (PS2CV)	https://archive.org/download/shadow-the-hedgehog-ps2-classics-vault-ps2-classics-slus21261/Shadow%20the%20Hedgehog%20%28PS2%20Classics%20Vault%29%20%5BPS2%20Classics%5D%20%5BSLUS21261%5D.pkg	MISSING	UP0149-SLUS21261_00-SHADOWTHEHEDGEHOGPS2		4527120384	4527120384
SLUS20579	US	James Bond 007: NightFire (PS2CV)	https://archive.org/download/james-bond-007-nightfire-ps2-classics-vault-ps2-classics-slus20579/James%20Bond%20007%20-%20Nightfire%20%28PS2%20Classics%20Vault%29%20%5BPS2%20Classics%5D%20%5BSLUS20579%5D.pkg	MISSING	UP0148-SLUS20579_00-JAMESBOND007NIGHTFIREPS2		2464686080	2464686080
SLES53064	EU	FIFA Street (PS2CV)	https://archive.org/download/fifa-street-ps2-classics-vault-ps2-classics-sles53064/FIFA%20Street%20%28PS2%20Classics%20Vault%29%20%5BPS2%20Classics%5D%20%5BSLES53064%5D%20%281%29.pkg	MISSING	EP0147-SLES53064_00-FIFASTREETPS2		4730773504	4730773504
SLUS20515	US	Yu-Gi-Oh! The Duelists of the Roses (PS2CV)	https://www.dropbox.com/scl/fi/o3jort6gsh4cf3avs20ng/Yu-Gi-Oh-The-Duelists-of-the-Roses-PS2-Classics-Vault-PS2-Classics-SLUS20515.pkg?rlkey=7vy8cydkipxpf3oj8htd38gmx&dl=1	MISSING	UP0146-SLUS20515_00-YU-GI-OHTDORPS2		2141503488	2141503488
SLUS21331	US	Sonic Riders (PS2CV)	https://archive.org/download/sonic-riders-ps2-classics-vault-ps2-classics-slus21331/Sonic%20Riders%20%28PS2%20Classics%20Vault%29%20%5BPS2%20Classics%5D%20%5BSLUS21331%5D.pkg	MISSING	UP0145-SLUS21331_00-SONICRIDERSPS2		1933492224	1933492224
SLUS21047	US	Cold Fear (PS2CV)	https://archive.org/download/cold-fear-ps-2-classics-vault-ps2-classics-slus21047/Cold%20Fear%20%28PS2%20Classics%20Vault%29%20%5BPS2%20Classics%5D%20%5BSLUS21047%5D.pkg	MISSING	UP0144-SLUS21047_00-COLDFEARPS2		3587792896	3587792896
SLUS21600	US	Spider-Man: Friend or Foe (PS2CV)	https://archive.org/download/spider-man-friend-or-foe-ps2-classics-vault-ps2-classics-slus21600/Spider-Man%20-%20Friend%20or%20Foe%20%28PS2%20Classics%20Vault%29%20%5BPS2%20Classics%5D%20%5BSLUS21600%5D.pkg	MISSING	UP0143-SLUS21600_00-SPIDER-MANFOFPS2		4247502848	4247502848
SLUS20375	US	Mister Mosquito (PS2CV)	https://archive.org/download/mister-mosquito-ps2-classics-vault-ps2-classics-slus20375/Mister%20Mosquito%20%28PS2%20Classics%20Vault%29%20%5BPS2%20Classics%5D%20%5BSLUS20375%5D.pkg	MISSING	UP0141-SLUS20375_00-MISTERMOSQUITOPS2		697352192	697352192
SLUS21690	US	Alone In The Dark (PS2CV)	https://archive.org/download/alone-in-the-dark-ps2-classics-vault-ps2-classics-slus21690/Alone%20in%20the%20Dark%20%28PS2%20Classics%20Vault%29%20%5BPS2%20Classics%5D%20%5BSLUS21690%5D.pkg	MISSING	UP0140-SLUS21690_00-ALONEINTHEDARKPS2		3620020224	3620020224
SLUS20095	US	SSX (PS2CV)	https://archive.org/download/ssx-ps2-classics-vault-ps2-classics-slus20095/SSX%20%28PS2%20Classics%20Vault%29%20%5BPS2%20Classics%5D%20%5BSLUS20095%5D.pkg	MISSING	UP0139-SLUS20095_00-SSX2000PS2		694906880	694906880
SLUS20656	US	X-Men Legends (PS2CV)	https://www.dropbox.com/scl/fi/myrb5ml4qfhil4m47n638/X-Men-Legends-PS2-Classics-Vault-PS2-Classics-SLUS20656.pkg?rlkey=w7u2r83wlj7twr7pvx08rz8m7&dl=1	MISSING	UP0138-SLUS20656_00-XMENLEGENDSPS2		2193678336	2193678336
SLUS20238	US	Crash Bandicoot: Wrath of Cortex (PS2CV)	https://archive.org/download/crash-bandicoot-the-wrath-of-cortex-ps2-classics-vault-ps2-classics-slus20238/Crash%20Bandicoot%20-%20The%20Wrath%20of%20Cortex%20%28PS2%20Classics%20Vault%29%20%5BPS2%20Classics%5D%20%5BSLUS20238%5D.pkg	MISSING	UP0137-SLUS20238_00-CRASHBANDICOOTWOCPS2		563683328	563683328
SLUS21882	US	GHOSTBUSTERS - The Video Game (PS2CV)	https://archive.org/download/ghostbusters-the-video-game-ps2-classics-vault-ps2-classics-slus21882/Ghostbusters%20-%20The%20Video%20Game%20%28PS2%20Classics%20Vault%29%20%5BPS2%20Classics%5D%20%5BSLUS21882%5D.pkg	MISSING	UP0136-SLUS21882_00-GHOSTBUSTERSTVGPS2		4710010880	4710010880
SCUS97133	US	The Getaway (PS2CV)	https://www.dropbox.com/scl/fi/y82hsky1vj46jrpryr4gg/The-Getaway-PS2-Classics-Vault-PS2-Classics-SCUS97133.pkg?rlkey=bnt63n05uur9vu7nqxisjr1zh&st=x51h0354&dl=1	MISSING	UP0135-SCUS97133_00-THEGETAWAYPS2		4520099840	4520099840
SLUS21219	US	PAC-MAN World 3 (PS2CV)	https://archive.org/download/pac-man-world-3-ps2-classics-vault-ps2-classics-slus21219/Pac-Man%20World%203%20%28PS2%20Classics%20Vault%29%20%5BPS2%20Classics%5D%20%5BSLUS21219%5D.pkg	MISSING	UP0134-SLUS21219_00-PACMANWORLD3PS2		3637141504	3637141504
SLUS21059	US	Tekken 5 (PS2CV)	https://archive.org/download/tekken-5-ps2-classics-vault-ps2-classics-slus21059/Tekken%205%20%28PS2%20Classics%20Vault%29%20%5BPS2%20Classics%5D%20%5BSLUS21059%5D.pkg	MISSING	UP0133-SLUS21059_00-TEKKEN5PS2		4515733504	4515733504
SLUS20624	US	The Simpsons: Hit & Run (PS2CV)	https://www.dropbox.com/scl/fi/zh0hejbbnwnw3cehuwe42/The-Simpsons-Hit-Run-PS2-Classics-Vault-PS2-Classics-SLUS20624.pkg?rlkey=4fxjy34s2k9hvuy5dx2er8csz&dl=1	MISSING	UP0132-SLUS20624_00-THESIMPSONSHIT&RUNPS2		2180644864	2180644864
SLUS20013	US	Tony Hawk's Pro Skater 3 (PS2CV)	https://www.dropbox.com/scl/fi/9k7v63youcyjajy57wnpr/Tony-Hawk-s-Pro-Skater-3-PS2-Classics-Vault-PS2-Classics-SLUS20013.pkg?rlkey=jumf2vv2yb7dnuox3zsxenu6y&dl=1	MISSING	UP0131-SLUS20013_00-TONYHAWKSPROSKATER3PS2		3270590464	3270590464
SCUS97474	US	SOCOM 3 U.S Navy Seals (PS2CV)	https://www.dropbox.com/scl/fi/l92z8rcnjxowx28m7fhii/SOCOM-3-U.S-Navy-SEALs-PS2-Classics-Vault-PS2-Classics-SCUS97474.pkg?rlkey=t6y7r5mzt1tnt5tkkfh95ftok&st=aa2jd4de&dl=1	MISSING	UP0130-SCUS97474_00-SOCOM3USNAVYSEALSPS2		4234104832	4234104832
SCUS97275	US	SOCOM 2 U.S Navy Seals (PS2CV)	https://archive.org/download/socom-ii-u.s-navy-seals-ps2-classics-vault-ps2-classics-scus97275/SOCOM%20II%20-%20U.S%20Navy%20SEALs%20%28PS2%20Classics%20Vault%29%20%5BPS2%20Classics%5D%20%5BSCUS97275%5D.pkg	MISSING	UP0129-SCUS97275_00-SOCOM2USNAVYSEALSPS2		4411469824	4411469824
SCUS97134	US	SOCOM U.S Navy Seals (PS2CV)	https://archive.org/download/socom-u.s-navy-seals-ps2-classics-vault-ps2-classics-scus97134/SOCOM%20-%20U.S%20Navy%20SEALs%20%28PS2%20Classics%20Vault%29%20%5BPS2%20Classics%5D%20%5BSCUS97134%5D.pkg	MISSING	UP0128-SCUS97134_00-SOCOMUSNAVYSEALSPS2		3522043904	3522043904
SLUS21493	US	Need For Speed: Carbon (PS2CV)	https://archive.org/download/need-for-speed-carbon-ps2-classics-vault-ps2-classics-slus21493/Need%20for%20Speed%20-%20Carbon%20%28PS2%20Classics%20Vault%29%20%5BPS2%20Classics%5D%20%5BSLUS21493%5D.pkg	MISSING	UP0127-SLUS21493_00-NEEDFORSPEEDCARBONPS2		3728535552	3728535552
SLUS21135	US	MVP Baseball 2005 (PS2CV)	https://archive.org/download/mvp-baseball-2005-ps2-classics-vault-ps2-classics-slus21135/MVP%20Baseball%202005%20%28PS2%20Classics%20Vault%29%20%5BPS2%20Classics%5D%20%5BSLUS21135%5D.pkg	MISSING	UP0126-SLUS21135_00-MVPBASEBALL2005PS2		4329558016	4329558016
SLUS21213	US	Madden NFL 06 (PS2CV)	https://archive.org/download/madden-nfl-06-ps2-classics-vault-ps2-classics-slus21213/Madden%20NFL%20%2706%20%28PS2%20Classics%20Vault%29%20%5BPS2%20Classics%5D%20%5BSLUS21213%5D.pkg	MISSING	UP0125-SLUS21213_00-MADDENNFL06PS2		3417206784	3417206784
SLUS20500	US	Red Dead Revolver (PS2CV)	https://archive.org/download/red-dead-revolver-ps2-classics-vault-ps2-classics-slus20500/Red%20Dead%20Revolver%20%28PS2%20Classics%20Vault%29%20%5BPS2%20Classics%5D%20%5BSLUS20500%5D.pkg	MISSING	UP0124-SLUS20500_00-REDDEADREVOLVERPS2		2364903424	2364903424
SLUS20326	US	SSX Tricky (PS2CV)	https://www.dropbox.com/scl/fi/jp83wfw2bh2ca8xtzvdjz/SSX-Tricky-PS2-Classics-Vault-PS2-Classics-SLUS20326.pkg?rlkey=nt42pohl91moqs1qhmw6d8bsi&st=mvh7l8kj&dl=1	MISSING	UP0123-SLUS20326_00-SSXTRICKYPS2		2928664576	2928664576
SLUS20984	US	Resident Evil: Outbreak File #2 (PS2CV)	https://archive.org/download/resident-evil-outbreak-file-1-ps2-classics-vault-ps2-classics-slus20765/Resident%20Evil%20-%20Outbreak%20FILE%20%232%20%28PS2%20Classics%20Vault%29%20%5BPS2%20Classics%5D%20%5BSLUS20984%5D.pkg	MISSING	UP0121-SLUS20984_00-RESIDENTEVILOUTBREAK#2PS2		4708536320	4708536320
SLUS20765	US	Resident Evil: Outbreak File #1 (PS2CV)	https://archive.org/download/resident-evil-outbreak-file-1-ps2-classics-vault-ps2-classics-slus20765/Resident%20Evil%20-%20Outbreak%20FILE%20%231%20%28PS2%20Classics%20Vault%29%20%5BPS2%20Classics%5D%20%5BSLUS20765%5D.pkg	MISSING	UP0120-SLUS20765_00-RESIDENTEVILOUTBREAK#1PS2		4729577472	4729577472
SLUS21091	US	Scooby-Doo!: Unmasked (PS2CV)	https://archive.org/download/scooby-doo-unmasked-ps2-classics-vault-ps2-classics-slus21091/Scooby-Doo%21%20Unmasked%20%28PS2%20Classics%20Vault%29%20%5BPS2%20Classics%5D%20%5BSLUS21091%5D.pkg	MISSING	UP0119-SLUS21091_00-SCOOBY-DOO!UNMASKEDPS2		1273995264	1273995264
SLUS20905	US	Disney Pixar's: The Incredibles (PS2CV)	https://archive.org/download/disney-pixars-the-incredibles-ps2-classics-vault-ps2-classics-slus20905/Disney%20Pixar%27s%20-%20The%20Incredibles%20%28PS2%20Classics%20Vault%29%20%5BPS2%20Classics%5D%20%5BSLUS20905%5D.pkg	MISSING	UP0118-SLUS20905_00-THEINCREDIBLESPS2		1718734848	1718734848
SLUS20147	US	Alien Vs Predator: Extinction (PS2CV)	https://archive.org/download/aliens-vs-predator-extinction-ps2-classics-vault-ps2-classics-slus20147/Aliens%20vs%20Predator%20-%20Extinction%20%28PS2%20Classics%20Vault%29%20%5BPS2%20Classics%5D%20%5BSLUS20147%5D.pkg	MISSING	UP0116-SLUS20147_00-AVPEXTINCTION		657199104	657199104
SLUS20926	US	Harry Potter & The Prisoner of Azkaban (PS2CV)	https://archive.org/download/harry-potter-and-the-prisoner-of-azkaban-ps2-classics-vault-ps2-classics-slus20926/Harry%20Potter%20and%20The%20Prisoner%20of%20Azkaban%20%28PS2%20Classics%20Vault%29%20%5BPS2%20Classics%5D%20%5BSLUS20926%5D.pkg	MISSING	UP0115-SLUS20926_00-HARRYPOTTER&THEPOA		2322092032	2322092032
SLUS20826	US	Harry Potter & The Sorcerer's Stone (PS2CV)	https://archive.org/download/harry-potter-and-the-sorcerors-stone-ps2-classics-vault-ps2-classics-slus20826/Harry%20Potter%20and%20The%20Sorceror%27s%20Stone%20%28PS2%20Classics%20Vault%29%20%5BPS2%20Classics%5D%20%5BSLUS20826%5D.pkg	MISSING	UP0114-SLUS20826_00-HARRYPOTTER&THESS		2625339392	2625339392
SLUS21503	US	God Hand (PS2CV)	https://archive.org/download/god-hand-ps2-classics-vault-ps2-classics-slus21503/God%20Hand%20%28PS2%20Classics%20Vault%29%20%5BPS2%20Classics%5D%20%5BSLUS21503%5D.pkg	MISSING	UP0113-SLUS21503_00-GODHAND		1592180736	1592180736
SLUS21590	US	Grand Theft Auto: Vice City Stories (PS2CV)	https://archive.org/download/grand-theft-auto-vice-city-stories-ps2-classics-vault-ps2-classics-slus21590/Grand%20Theft%20Auto%20-%20Vice%20City%20Stories%20%28PS2%20Classics%20Vault%29%20%5BPS2%20Classics%5D%20%5BSLUS21590%5D.pkg	MISSING	UP0112-SLUS21590_00-GTAVICECITYSTORIES		4179030016	4179030016
SLUS20787	US	WWE SmackDown! Here Comes The Pain (PS2CV)	https://www.dropbox.com/scl/fi/0h7p7mi1jt7yyvh5y4iu6/WWE-SmackDown-Here-Comes-the-Pain-PS2-Classics-Vault-PS2-Classics-SLUS20787.pkg?rlkey=wfwsf3c6w8bvwvcqwcmgmmw7n&dl=1	MISSING	UP0111-SLUS20787_00-SMACKDOWNHERECOMESTHEPAIN		4555132928	4555132928
SLUS20651	US	NBA Street Vol 2 (PS2CV)	https://archive.org/download/nba-street-2-ps2-classics-vault-ps2-classics-slus20651/NBA%20Street%202%20%28PS2%20Classics%20Vault%29%20%5BPS2%20Classics%5D%20%5BSLUS20651%5D.pkg	MISSING	UP0110-SLUS20651_00-NBASTREETVOL2		4098387968	4098387968
SLUS21641	US	Innocent Life: A Futuristic Harvest Moon Special Edition (PS2CV)	https://archive.org/download/innocent-life-a-futuristic-harvest-moon-special-edition-ps2-classics-vault-ps2-classics-slus21641/Innocent%20Life%20-%20A%20Futuristic%20Harvest%20Moon%20Special%20Edition%20%28PS2%20Classics%20Vault%29%20%5BPS2%20Classics%5D%20%5BSLUS21641%5D.pkg	MISSING	UP0108-SLUS21641_00-INNOCENTLIFEAFHMSE		1380208640	1380208640
SLUS21386	US	Tales of the Abyss (PS2CV)	https://archive.org/download/tales-of-the-abyss-ps2-classics-vault-ps2-classics-slus21386/Tales%20of%20the%20Abyss%20%28PS2%20Classics%20Vault%29%20%5BPS2%20Classics%5D%20%5BSLUS21386%5D.pkg	MISSING	UP0107-SLUS21386_00-TALESOFTHEABYSS		4080062464	4080062464
SLUS21326	US	Shadow Hearts: From The New World (PS2CV)	https://archive.org/download/shadow-hearts-from-the-new-world-ps2-classics-vault-ps2-classics-slus21326/Shadow%20Hearts%20-%20From%20the%20New%20World%20%28PS2%20Classics%20Vault%29%20%5BPS2%20Classics%5D%20%5BSLUS21326%5D.pkg	MISSING	UP0106-SLUS21326_00-SHADOWHEARTSFTNW		4289359872	4289359872
SCUS97501	US	Ape Escape 3 (PS2CV)	https://archive.org/download/ape-escape-3-ps2-classics-scus97501/Ape%20Escape%203%20%5BPS2%20Classics%5D%20%5BSCUS97501%5D.pkg	MISSING	UP9000-SCUS97501_00-APEESCAPE3		2197471232	2197471232
SLUS20435	US	Armored Core 3 (PS2CV)	https://archive.org/download/armored-core-3-ps2-classics-slus20435/Armored%20Core%203%20%5BPS2%20Classics%5D%20%5BSLUS20435%5D.pkg	MISSING	UP0017-SLUS20435_00-ARMOREDCORE3		1880563712	1880563712
SLUS21198	US	Batman Begins (PS2CV)	https://archive.org/download/batman-begins-ps2-classics-slus21198/Batman%20Begins%20%5BPS2%20Classics%5D%20%5BSLUS21198%5D.pkg	MISSING	UP0017-SLUS21198_00-BATMANBEGINS		2542317568	2542317568
SLUS21269	US	Bully (PS2CV)	https://archive.org/download/bully-ps2-classics-slus21269/Bully%20%5BPS2%20Classics%5D%20%5BSLUS21269%5D.pkg	MISSING	UP0017-SLUS21269_00-BULLY		4664696832	4664696832
SLUS21310	US	Brother In Arms: Earned In Blood (PS2CV)	https://archive.org/download/brothers-in-arms-earned-in-blood-ps2-classics-vault-ps2-classics-slus21310/Brothers%20in%20Arms%20-%20Earned%20in%20Blood%20%28PS2%20Classics%20Vault%29%20%5BPS2%20Classics%5D%20%5BSLUS21310%5D.pkg	MISSING	UP0018-SLUS21310_00-BIAEARNEDINBLOOD0		3470901248	3470901248
SLUS21228	US	Call of Duty 2: Big Red One (PS2CV)	https://www.dropbox.com/scl/fi/vemnxaqwlg6ne1iyk8rz7/Call-of-Duty-2-Big-Red-One-PS2-Classics-Vault-PS2-Classics-SLUS21228.pkg?rlkey=duljgwtai5qjkegchqofeex54&dl=1	MISSING	UP0018-SLUS21228_00-CALLOFDUTY2BRO		2946629632	2946629632
SLUS21426	US	Call of Duty 3 (PS2CV)	https://www.dropbox.com/scl/fi/nceviti54e2lh89wbof9w/Call-of-Duty-3-PS2-Classics-Vault-PS2-Classics-SLUS21426.pkg?rlkey=25lj7usys257f5jgchah4tj3x&dl=1	MISSING	UP0019-SLUS21426_00-CALLOFDUTY3PS2		3759177728	3759177728
SLUS21746	US	Call of Duty World at War Final Fronts (PS2CV)	https://archive.org/download/call-of-duty-world-at-war-final-fronts-ps2-classics-slus21746/Call%20of%20Duty%20-%20World%20at%20War%20-%20Final%20Fronts%20%5BPS2%20Classics%5D%20%5BSLUS21746%5D.pkg	MISSING	UP0019-SLUS21746_00-CALLOFDUTYWAWFINALFRONTS		2810613760	2810613760
SLUS20649	US	Crash Nitro Kart (PS2CV)	https://archive.org/download/crash-bandicoot-nitro-kart-ps2-classics-slus20649/Crash%20Bandicoot%20-%20Nitro%20Kart%20%5BPS2%20Classics%5D%20%5BSLUS20649%5D.pkg	MISSING	UP0020-SLUS20649_00-CRASHNITROKART		3232788480	3232788480
SLUS20909	US	Crash Twinsanity (PS2CV)	https://www.dropbox.com/scl/fi/ho8le5b6kw04x0x3ifvsv/Crash-Twinsanity-PS2-Classics-Vault-PS2-Classics-SLUS20909.pkg?rlkey=pd4dvydt565vshdravluc03lu&dl=1	MISSING	UP0021-SLUS20909_00-CRASHTWINSANITYV202PS2		2131668992	2131668992
SLUS20370	US	Disney's Kingdom Hearts (PS2CV)	https://archive.org/download/disney-kingdom-hearts-ps2-classics-slus20370/Disney%20Kingdom%20Hearts%20%5BPS2%20Classics%5D%20%5BSLUS20370%5D.pkg	MISSING	UP0022-SLUS20370_00-KINGDOMHEARTS1		3065954304	3065954304
SLUS21005	US	Disney's Kingdom Hearts 2 (PS2CV)	https://archive.org/download/disney-kingdom-hearts-ii-ps2-classics-slus21005/Disney%20Kingdom%20Hearts%20II%20%5BPS2%20Classics%5D%20%5BSLUS21005%5D.pkg	MISSING	UP0023-SLUS21005_00-KINGDOMHEARTS2		3992653824	3992653824
SLUS20591	US	Dragon Ball Z: Budokai (PS2CV)	https://archive.org/download/dragon-ball-z-budokai-ps2-classics-slus20591/DragonBall%20Z%20-%20Budokai%20%5BPS2%20Classics%5D%20%5BSLUS20591%5D.pkg	MISSING	UP0024-SLUS20591_00-DRAGONBALLZBUDOKAI		1458655232	1458655232
SLUS20628	US	Disney's Finding Nemo (PS2CV)	https://archive.org/download/disneys-finding-nemo-ps2-classics-vault-ps2-classics-slus20628/Disney%27s%20Finding%20Nemo%20%28PS2%20Classics%20Vault%29%20%5BPS2%20Classics%5D%20%5BSLUS20628%5D.pkg	MISSING	UP0025-SLUS20628_00-DISNEYSFINDINGNEMO		2294841344	2294841344
SLUS20928	US	Echo Night: Beyond (PS2CV)	https://archive.org/download/echo-night-beyond-ps2-classics-slus20928/Echo%20Night%20-%20Beyond%20%5BPS2%20Classics%5D%20%5BSLUS20928%5D.pkg	MISSING	UP0026-SLUS20928_00-ECHONIGHTBEYOND		1787437056	1787437056
SLUS20454	US	Enter Matrix (PS2CV)	https://archive.org/download/enter-the-matrix-ps2-classics-slus20454/Enter%20the%20Matrix%20%5BPS2%20Classics%5D%20%5BSLUS20454%5D.pkg	MISSING	UP0027-SLUS20454_00-ENTERMATRIX		3961323520	3961323520
SLUS20539	US	Fallout: Brotherhood of Steel (PS2CV)	https://archive.org/download/fallout-brotherhood-of-steel-ps2-classics-slus20539/Fallout%20-%20Brotherhood%20of%20Steel%20%5BPS2%20Classics%5D%20%5BSLUS20539%5D.pkg	MISSING	UP0028-SLUS20539_00-FALLOUTBOS		3093811200	3093811200
SLUS20312	US	Final Fantasy X (PS2CV)	https://archive.org/download/final-fantasy-x-ps2-classics-slus20312/Final%20Fantasy%20X%20%5BPS2%20Classics%5D%20%5BSLUS20312%5D.pkg	MISSING	UP0029-SLUS20312_00-FINALFANTASYX		4536221696	4536221696
SLUS20439	US	Futurama (PS2CV)	https://archive.org/download/futurama-ps2-classics-slus20439/Futurama%20%28PS2%20Classics%20Vault%29%20%5BPS2%20Classics%5D%20%5BSLUS20439%5D.pkg	MISSING	UP0030-SLUS20439_00-FUTURAMATHEGAME		2697097216	2697097216
SLUS20946	US	Grand Theft Auto: San Andreas (PS2CV)	https://www.dropbox.com/scl/fi/wj00qysduf9058lnt977z/Grand-Theft-Auto-San-Andreas-PS2-Classics-Vault-PS2-Classics-SLUS20946.pkg?rlkey=jdu0k95wd8mnhn3o50hys8q17&dl=1	MISSING	UP0031-SLUS20946_00-GTASANANDREASPS2		4552351744	4552351744
SLUS20062	US	Grand Theft Auto: 3 (PS2CV)	https://www.dropbox.com/scl/fi/586m0lx9hvomtkz2gjh6g/Grand-Theft-Auto-3-PS2-Classics-Vault-PS2-Classics-SLUS20062.pkg?rlkey=14zlmf0irieptvfajmdjmeeob&dl=1	MISSING	UP0032-SLUS20062_00-GTA3PS2		4670443520	4670443520
SLUS21423	US	Grand Theft Auto: Liberty City Stories (PS2CV)	https://www.dropbox.com/scl/fi/amo5qzsg2xdb3x0gxaejq/Grand-Theft-Auto-Liberty-City-Stories-PS2-Classics-Vault-PS2-Classics-SLUS21423.pkg?rlkey=ujcqceh5d3ddi50ydc594re4h&dl=1	MISSING	UP0033-SLUS21423_00-GTALIBERTYCITYSTORIES		4040359936	4040359936
SLUS20552	US	Grand Theft Auto: Vice City (PS2CV)	https://www.dropbox.com/scl/fi/4q7qpms38yfwe8vpchwoy/Grand-Theft-Auto-Vice-City-PS2-Classics-Vault-PS2-Classics-SLUS20552.pkg?rlkey=iywx35xgz6qyz7zmgt3uzm856&dl=1	MISSING	UP0034-SLUS20552_00-GTAVICECITY		4726870016	4726870016
PBPX95503	US	Gran Turismo 3 A-Spec [PS2 Bundle] (PS2CV)	https://archive.org/download/gran-turismo-3-a-spec-ps2-bundle-ps2-classics-vault-ps2-classics-pbpx95503/Gran%20Turismo%203%20-%20A-Spec%20%5BPS2%20Bundle%5D%20%28PS2%20Classics%20Vault%29%20%5BPS2%20Classics%5D%20%5BPBPX95503%5D.pkg	MISSING	UP0035-PBPX95503_00-GRANTURISMO3ASPEC		3904159744	3904159744
SCUS97328	US	Gran Turismo 4 (PS2CV)	https://archive.org/download/gran-turismo-4-ps2-classics-vault-ps2-classics-scus97328/Gran%20Turismo%204%20%28PS2%20Classics%20Vault%29%20%5BPS2%20Classics%5D%20%5BSCUS97328%5D.pkg	MISSING	UP0036-SCUS97328_00-GRANTURISMO4		5343285248	5343285248
SCUS97328	US	Half-Life (PS2CV)	https://archive.org/download/half-life-ps2-classics-slus20066/Half-Life%20%5BPS2%20Classics%5D%20%5BSLUS20066%5D.pkg	MISSING	UP0037-SLUS20066_00-HALFLIFE		649580544	649580544
SLUS20265	US	James Bond 007: Agent Under Fire (PS2CV)	https://archive.org/download/james-bond-007-agent-under-fire-ps2-classics-slus20265/James%20Bond%20007%20-%20Agent%20Under%20Fire%20%5BPS2%20Classics%5D%20%5BSLUS20265%5D.pkg	MISSING	UP0038-SLUS20265_00-007AGENTUNDERFIRE		1652580352	1652580352
SLUS20814	US	Max Payne 2: The Fall of Max Payne (PS2CV)	https://archive.org/download/max-payne-2-fall-of-max-payne-ps2-classics-slus20814/Max%20Payne%202%20-%20Fall%20of%20Max%20Payne%20%5BPS2%20Classics%5D%20%5BSLUS20814%5D.pkg	MISSING	UP0039-SLUS20814_00-MAXPAYNE2		2625798144	2625798144
SLUS20063	US	Midnight Club - Illegal Street Racing (PS2CV)	https://archive.org/download/midnight-club-street-racing-ps2-classics-slus20063/Midnight%20Club%20-%20Street%20Racing%20%5BPS2%20Classics%5D%20%5BSLUS20063%5D.pkg	MISSING	UP0040-SLUS20063_00-MIDNIGHTCLUBSTREETRACING		547360768	547360768
SLUS20209	US	Midnight Club 2 - Future Illegal Street Racing (PS2CV)	https://www.dropbox.com/scl/fi/rl4iloareiq3s31vjtztf/Midnight-Club-2-The-Future-of-Illegal-Street-Racing-PS2-Classics-Vault-PS2-Classics-SLUS20209.pkg?rlkey=fpx7m2lp77aeauov2cnq7i637&dl=1	MISSING	UP0041-SLUS20209_00-MIDNIGHTCLUB2TFOISR		3274915840	3274915840
SLUS21597	US	Medal of Honor: Vanguard (PS2CV)	https://archive.org/download/medal-of-honor-vanguard-ps2-classics-slus21597/Medal%20of%20Honor%20-%20Vanguard%20%5BPS2%20Classics%5D%20%5BSLUS21597%5D.pkg	MISSING	UP0042-SLUS21597_00-MOHVANGUARD		1261305856	1261305856
SLUS21351	US	Need For Speed: Most Wanted Black Edition (PS2CV)	https://archive.org/download/need-for-speed-most-wanted-black-edition-ps2-classics-slus21351/Need%20for%20Speed%20-%20Most%20Wanted%20%5BBlack%20Edition%5D%20%5BPS2%20Classics%5D%20%5BSLUS21351%5D.pkg	MISSING	UP0043-SLUS21351_00-NFSMOSTWANTEDBE		3728658432	3728658432
SLUS21467	US	Open Season (PS2CV)	https://archive.org/download/open-season-ps2-classics-vault-ps2-classics-slus21467/Open%20Season%20%28PS2%20Classics%20Vault%29%20%5BPS2%20Classics%5D%20%5BSLUS21467%5D.pkg	MISSING	UP0044-SLUS21467_00-OPENSEASON		4708212736	4708212736
SLUS20224	US	PAC-MAN World 2 (PS2CV)	https://archive.org/download/pac-man-world-2-ps2-classics-slus20224/Pac-Man%20World%202%20%5BPS2%20Classics%5D%20%5BSLUS20224%5D.pkg	MISSING	UP0045-SLUS20224_00-PACMANWORLD2		1139208192	1139208192
SLUS21111	US	Scarface - The World Is Yours (PS2CV)	https://www.dropbox.com/scl/fi/md57r6uw63tldq6w8pfpk/Scarface-The-World-is-Yours-PS2-Classics-Vault-PS2-Classics-SLUS21111.pkg?rlkey=rkg8bcqvlpyn26trscx2eq80z&dl=1	MISSING	UP0047-SLUS21111_00-SCARFACETWIYPS2		3820838912	3820838912
SLUS20680	US	Spongebob Squarepants: Battle For Bikini Bottom (PS2CV)	https://archive.org/download/sponge-bob-square-pants-the-battle-for-bikini-bottoms-ps2-classics-slus20680/SpongeBob%20SquarePants%20-%20The%20Battle%20for%20Bikini%20Bottoms%20%5BPS2%20Classics%5D%20%5BSLUS20680%5D.pkg	MISSING	UP0048-SLUS20680_00-SPONGEBOBSPBFBB		1260593152	1260593152
SLUS21626	US	Stuntman: Ignition (PS2CV)	https://www.dropbox.com/scl/fi/fejyci21frrp2xg51lsg3/Stuntman-Ignition-PS2-Classics-Vault-PS2-Classics-SLUS21626.pkg?rlkey=b76odp6daz6z1ybw7gr6tt24z&st=zn1obr7k&dl=1	MISSING	UP0049-SLUS21626_00-STUNTMANIGNITION		4729524224	4729524224
SLUS20718	US	Sonic Heroes (PS2CV)	https://archive.org/download/sonic-heroes-ps2-classics-slus20718/Sonic%20Heroes%20%5BPS2%20Classics%5D%20%5BSLUS20718%5D.pkg	MISSING	UP0050-SLUS20718_00-SONICHEROES		4727005184	4727005184
SLUS20349	US	Scooby-Doo!: Night of 100 Frights (PS2CV)	https://archive.org/download/scooby-doo-night-of-100-frights-ps2-classics-slus20349/Scooby%20Doo%21%20Night%20of%20100%20Frights%20%5BPS2%20Classics%5D%20%5BSLUS20349%5D.pkg	MISSING	UP0051-SLUS20349_00-SCOOBYDOONO100F		4508725248	4508725248
SLUS20228	US	Silent Hill 2 (PS2CV)	https://archive.org/download/silent-hill-2-ps2-classics-vault-ps2-classics-slus20228/Silent%20Hill%202%20%28PS2%20Classics%20Vault%29%20%5BPS2%20Classics%5D%20%5BSLUS20228%5D.pkg	MISSING	UP0052-SLUS20228_00-SILENTHILL2		3904786432	3904786432
SLUS20622	US	Silent Hill 3 (PS2CV)	https://archive.org/download/silent-hill-3-ps2-classics-slus20622/Silent%20Hill%203%20%5BPS2%20Classics%5D%20%5BSLUS20622%5D.pkg	MISSING	UP0053-SLUS20622_00-SILENTHILL3		3610378240	3610378240
SLUS20864	US	The Punisher (PS2CV)	https://www.dropbox.com/scl/fi/n31t990kt5npw2n6p9ygu/The-Punisher-PS2-Classics-Vault-PS2-Classics-SLUS20864.pkg?rlkey=bhj0jouep6nj4z0eq7wo6nr8v&dl=1	MISSING	UP0054-SLUS20864_00-THEPUNISHER		2016972800	2016972800
SLUS21602	US	Transformers The Game (PS2CV)	https://www.dropbox.com/scl/fi/jj0n7xs8axsl7fut0m516/Transformers-The-Game-PS2-Classics-SLUS21602.pkg?rlkey=8hdky01s6srb81k7ul8caqqva&dl=1	MISSING	UP0055-SLUS21602_00-TRANSFORMERSTHEGAME		2528141312	2528141312
SLUS21406	US	The Godfather The Game - Collector's Edition (PS2CV)	https://www.dropbox.com/scl/fi/tcqcwkpzt8lj2v19entpg/The-Godfather-The-Game-Collector-s-Edition-PS2-Classics-Vault-PS2-Classics-SLUS21406.pkg?rlkey=4jkswyeskq05rezz5e01b3ym6&dl=1	MISSING	UP0056-SLUS21406_00-THEGODFATHERTGCE		4329201664	4329201664
SCUS97621	US	Twisted Metal: Head-On Extra Twisted Edition (PS2CV)	https://www.dropbox.com/scl/fi/vgm2ug3qqd43nwzj6w9km/Twisted-Metal-Head-On-Extra-Twisted-Edition-PS2-Classics-Vault-PS2-Classics-SCUS97621.pkg?rlkey=iq6v3ykt7nq45hdinhtzclfut&dl=1	MISSING	UP0057-SCUS97621_00-TWISTEDMETALHEADONETE		4230873088	4230873088
SLUS21611	US	Thrillville: Off The Rails (PS2CV)	https://www.dropbox.com/scl/fi/in6meludiy4l5fuwi0pgu/Thrillville-Off-the-Rails-PS2-Classics-Vault-PS2-Classics-SLUS21611.pkg?rlkey=cc7675r6k76lbpydkdrkj3g3g&dl=1	MISSING	UP0058-SLUS21611_00-THRILLVILLEOFFTHERAILS		4729438208	4729438208
SLUS21208	US	Tony Hawk's American Wasteland (PS2CV)	https://www.dropbox.com/scl/fi/h8z9cbr380828bjb0ne6c/Tony-Hawk-s-American-Wasteland-PS2-Classics-SLUS21208.pkg?rlkey=dqa8whcjoggljfs1quywl0e6j&dl=1	MISSING	UP0059-SLUS21208_00-TONYHAWKSAMERICANWL		3641810944	3641810944
SLUS20573	US	The Sims (PS2CV)	https://www.dropbox.com/scl/fi/ysurvxo10neia983vwlp8/The-Sims-PS2-Classics-Vault-PS2-Classics-SLUS20573.pkg?rlkey=u2e8ratuvmd9mhxq0helat03b&dl=1	MISSING	UP0060-SLUS20573_00-THESIMS		601280512	601280512
SLUS21265	US	The Sims 2 (PS2CV)	https://www.dropbox.com/scl/fi/f3455vwpwgnwg31oyo80a/The-Sims-2-PS2-Classics-Vault-PS2-Classics-SLUS21265.pkg?rlkey=7evvsv3aj8xjvpicesk1lmt0h&dl=1	MISSING	UP0061-SLUS21265_00-THESIMS2		3576270848	3576270848
SLUS21292	US	Wild Arms 4 (PS2CV)	https://www.dropbox.com/scl/fi/p57n64on26m79wvs1u5ps/Wild-ARMs-4-PS2-Classics-Vault-PS2-Classics-SLUS21292.pkg?rlkey=q97rkjh7vsxthnyypnfdeperf&dl=1	MISSING	UP0062-SLUS21292_00-WILDARMS4		4521234432	4521234432
SLUS21016	US	25 To Life (PS2CV)	https://archive.org/download/25-to-life-ps2-classics-slus21016/25%20to%20Life%20%5BPS2%20Classics%5D%20%5BSLUS21016%5D.pkg	MISSING	UP0063-SLUS21016_00-25TOLIFE		1925898240	1925898240
SLUS21315	US	50Cent - Bulletproof (PS2CV)	https://www.dropbox.com/scl/fi/n8wajretpb7lqmofy0dbe/50Cent-Bulletproof-PS2-Classics-Vault-PS2-Classics-SLUS21315.pkg?rlkey=zrohydnfglu3lqwx6atvtpfj8&dl=1	MISSING	UP0064-SLUS21315_00-50CENTBULLETPROOF		6427279360	6427279360
SLUS21448	US	Rule of Rose (PS2CV)	https://archive.org/download/rule-of-rose-ps2-classics-vault-ps2-classics-slus21448/Rule%20of%20Rose%20%28PS2%20Classics%20Vault%29%20%5BPS2%20Classics%5D%20%5BSLUS21448%5D.pkg	MISSING	UP0066-SLUS21448_00-RULEOFROSE		3421569024	3421569024
SLUS21075	US	Haunting Ground (PS2CV)	https://archive.org/download/haunting-ground-ps2-classics-vault-ps2-classics-slus21075/Haunting%20Ground%20%28PS2%20Classics%20Vault%29%20%5BPS2%20Classics%5D%20%5BSLUS21075%5D.pkg	MISSING	UP0067-SLUS21075_00-HAUNTINGGROUND		4617142272	4617142272
SLES51933	EU	Gregory Horror Show (PS2CV) (EU Version)	https://archive.org/download/gregory-horror-show-ps2-classics-vault-ps2-classics-sles51933/Gregory%20Horror%20Show%20%28PS2%20Classics%20Vault%29%20%5BPS2%20Classics%5D%20%5BSLES51933%5D.pkg	MISSING	EP0068-SLES51933_00-GREGORYHORRORSHOW		3231944704	3231944704
SLUS21008	US	Katamari Damacy (PS2CV)	https://archive.org/download/katamari-damacy-ps2-classics-vault-ps2-classics-slus21008/Katamari%20Damacy%20%28PS2%20Classics%20Vault%29%20%5BPS2%20Classics%5D%20%5BSLUS21008%5D.pkg	MISSING	UP0069-SLUS21008_00-KATAMARIDAMACY		3183128576	3183128576
SLUS20731	US	Tony Hawk's Underground (PS2CV)	https://www.dropbox.com/scl/fi/3uj82jsijzqk2s3l0y7z2/Tony-Hawk-s-Underground-PS2-Classics-Vault-PS2-Classics-SLUS20731.pkg?rlkey=p3gq9xwmhwoyt6vr4yrgzwvlm&dl=1	MISSING	UP0070-SLUS20731_00-TONYHAWKSUNDERGROUND		4695154688	4695154688
SLUS20965	US	Tony Hawk's Underground 2 (PS2CV)	https://www.dropbox.com/scl/fi/6vhsfp6mjmgy46hxjfq7v/Tony-Hawk-s-Underground-2-PS2-Classics-Vault-PS2-Classics-SLUS20965.pkg?rlkey=57ej4l6nmp9mnmrj8bx6tire1&dl=1	MISSING	UP0071-SLUS20965_00-TONYHAWKSUNDERGROUND2		3390513152	3390513152
SLUS20056	US	Spy Hunter (PS2CV)	https://archive.org/download/spy-hunter-ps2-classics-vault-ps2-classics-slus20056/Spy%20Hunter%20%28PS2%20Classics%20Vault%29%20%5BPS2%20Classics%5D%20%5BSLUS20056%5D.pkg	MISSING	UP0072-SLUS20056_00-SPYHUNTER		1975758848	1975758848
SLUS20590	US	Spy Hunter 2 (PS2CV)	https://archive.org/download/spy-hunter-2-ps2-classics-vault-ps2-classics-slus20590/Spy%20Hunter%202%20%28PS2%20Classics%20Vault%29%20%5BPS2%20Classics%5D%20%5BSLUS20590%5D.pkg	MISSING	UP0073-SLUS20590_00-SPYHUNTER2		1760968704	1760968704
SLUS21421	US	Spy Hunter Nowhere To Run (PS2CV)	https://archive.org/download/spy-hunter-nowhere-to-run-ps2-classics-vault-ps2-classics-slus21421/Spy%20Hunter%20-%20Nowhere%20to%20Run%20%28PS2%20Classics%20Vault%29%20%5BPS2%20Classics%5D%20%5BSLUS21421%5D.pkg	MISSING	UP0074-SLUS21421_00-SPYHUNTERNOWHERETORUN		1993056256	1993056256
SLUS20220	US	Dead To Rights (PS2CV)	https://archive.org/download/dead-to-rights-ps2-classics-vault-ps2-classics-slus20220/Dead%20to%20Rights%20%28PS2%20Classics%20Vault%29%20%5BPS2%20Classics%5D%20%5BSLUS20220%5D.pkg	MISSING	UP0075-SLUS20220_00-DEADTORIGHTS		2189234176	2189234176
SLUS20843	US	Dead To Rights 2 (PS2CV)	https://www.dropbox.com/scl/fi/fehm803ki4lywnv0eade1/Ty-the-Tasmanian-Tiger-PS2-Classics-Vault-PS2-Classics-SLUS20571.pkg?rlkey=m11x95uo1grs2z8u1y803l2zy&dl=1	MISSING	UP0076-SLUS20843_00-DEADTORIGHTS2		4716523520	4716523520
SLUS20571	US	TY The Tasmanian Tiger (PS2CV)	https://archive.org/download/ty-the-tasmanian-tiger-ps2-classics-vault-ps2-classics-slus20571/Ty%20the%20Tasmanian%20Tiger%20%28PS2%20Classics%20Vault%29%20%5BPS2%20Classics%5D%20%5BSLUS20571%5D.pkg	MISSING	UP0077-SLUS20571_00-TYTHETASMANIANTIGER		4411199488	4411199488
SLUS21057	US	TY The Tasmanian Tiger 2 - Bush Rescue (PS2CV)	https://www.dropbox.com/scl/fi/75kffr8t4y2g0wbpyqjq7/Ty-the-Tasmanian-Tiger-2-Bush-Rescue-PS2-Classics-Vault-PS2-Classics-SLUS21057.pkg?rlkey=ox138ebb3bsxg4vl63n2s8z16&dl=1	MISSING	UP0078-SLUS21057_00-TYTHETASMANIANTIGER2		3784392704	3784392704
SLUS21253	US	TY The Tasmanian Tiger 3 - Night of the Quinkan (PS2CV)	https://www.dropbox.com/scl/fi/tbs36ep6m4bm1mawzwet4/Ty-the-Tasmanian-Tiger-3-Night-of-the-Quinkan-PS2-Classics-Vault-PS2-Classics-SLUS21253.pkg?rlkey=fxqcqt8qepbhvjw1z3idi7rjr&dl=1	MISSING	UP0079-SLUS21253_00-TYTHETASMANIANTIGER3		3805454336	3805454336
SLUS21151	US	Disney Pixar's Cars (PS2CV)	https://www.dropbox.com/scl/fi/cob20ffb5phutzah0k6y2/Disney-Pixar-s-Cars-PS2-Classics-Vault-PS2-Classics-SLUS21151.pkg?rlkey=ek1th0yz8eopx6dk3sq596wdf&dl=1	MISSING	UP0080-SLUS21151_00-DISNEYPIXARCARS		3074146304	3074146304
SLUS20230	US	Max Payne (PS2CV)	https://archive.org/download/max-payne-ps2-classics-vault-ps2-classics-slus20230/Max%20Payne%20%28PS2%20Classics%20Vault%29%20%5BPS2%20Classics%5D%20%5BSLUS20230%5D.pkg	MISSING	UP0081-SLUS20230_00-MAXPAYNE		4401328128	4401328128
SLUS20541	US	NBA Ballers (PS2CV)	https://archive.org/download/nba-ballers-ps2-classics-vault-ps2-classics-slus20541/NBA%20Ballers%20%28PS2%20Classics%20Vault%29%20%5BPS2%20Classics%5D%20%5BSLUS20541%5D.pkg	MISSING	UP0082-SLUS20541_00-NBABALLERS		3056476160	3056476160
SLUS21186	US	NBA Ballers: Phenom (PS2CV)	https://archive.org/download/nba-ballers-phenom-ps2-classics-vault-ps2-classics-slus21186/NBA%20Ballers%20-%20Phenom%20%28PS2%20Classics%20Vault%29%20%5BPS2%20Classics%5D%20%5BSLUS21186%5D.pkg	MISSING	UP0083-SLUS21186_00-NBABALLERSPHENOM		2587578368	2587578368
SLUS20144	US	Metal Gear Solid 2: Sons of Liberty (PS2CV)	https://archive.org/download/metal-gear-solid-2-sons-of-liberty-ps2-classics-vault-ps2-classics-slus20144/Metal%20Gear%20Solid%202%20-%20Sons%20of%20Liberty%20%28PS2%20Classics%20Vault%29%20%5BPS2%20Classics%5D%20%5BSLUS20144%5D.pkg	MISSING	UP0084-SLUS20144_00-METALGEARSOLID2SOL		4648796160	4648796160
SLUS20090	US	TimeSplitters (PS2CV)	https://www.dropbox.com/scl/fi/1td9hy61hj87l3glep48f/TimeSplitters-PS2-Classics-Vault-PS2-Classics-SLUS20090.pkg?rlkey=i3jnb6sgu1s9bn7tzrccx3v46&dl=1	MISSING	UP0085-SLUS20090_00-TIMESPLITTERS		742531072	742531072
SLUS20845	US	Cold Winter (PS2CV)	https://archive.org/download/cold-winter-ps2-classics-vault-ps2-classics-slus20845/Cold%20Winter%20%28PS2%20Classics%20Vault%29%20%5BPS2%20Classics%5D%20%5BSLUS20845%5D.pkg	MISSING	UP0086-SLUS20845_00-COLDWINTER		3638079488	3638079488
SLUS21134	US	Resident Evil 4 (PS2CV)	https://archive.org/download/resident-evil-4-ps2-classics-vault-ps2-classics-slus21134/Resident%20Evil%204%20%28PS2%20Classics%20Vault%29%20%5BPS2%20Classics%5D%20%5BSLUS21134%5D.pkg	MISSING	UP0087-SLUS21134_00-RESIDENTEVIL4		4467724288	4467724288
SLUS20368	US	Medal of Honor: Frontline (PS2CV)	https://archive.org/download/medal-of-honor-frontline-ps2-classics-vault-ps2-classics-slus20368/Medal%20of%20Honor%20-%20Frontline%20%28PS2%20Classics%20Vault%29%20%5BPS2%20Classics%5D%20%5BSLUS20368%5D.pkg	MISSING	UP0088-SLUS20368_00-MOHFRONTLINE		3394846720	3394846720
SLUS21199	US	Medal of Honor: European Assault (PS2CV)	https://archive.org/download/medal-of-honor-european-assault-ps2-classics-vault-ps2-classics-slus21199/Medal%20of%20Honor%20-%20European%20Assault%20%28PS2%20Classics%20Vault%29%20%5BPS2%20Classics%5D%20%5BSLUS21199%5D.pkg	MISSING	UP0089-SLUS21199_00-MOHEUROPEANASSAULT		3885219840	3885219840
SLUS20753	US	Medal of Honor: Rising Sun (PS2CV)	https://archive.org/download/medal-of-honor-rising-sun-ps2-classics-vault-ps2-classics-slus20753/Medal%20of%20Honor%20-%20Rising%20Sun%20%28PS2%20Classics%20Vault%29%20%5BPS2%20Classics%5D%20%5BSLUS20753%5D.pkg	MISSING	UP0090-SLUS20753_00-MOHRISINGSUN		4632870912	4632870912
SLUS20889	US	MLB Slugfest: Loaded (PS2CV)	https://archive.org/download/mlb-slugfest-loaded-ps2-classics-vault-ps2-classics-slus20889/MLB%20Slugfest%20-%20Loaded%20%28PS2%20Classics%20Vault%29%20%5BPS2%20Classics%5D%20%5BSLUS20889%5D.pkg	MISSING	UP0091-SLUS20889_00-MLBSLUGFESTLOADED		1754136576	1754136576
SLUS21048	US	Evil Dead: Regeneration (PS2CV)	https://archive.org/download/evil-dead-regeneration-ps2-classics-vault-ps2-classics-slus21048/Evil%20Dead%20-%20Regeneration%20%28PS2%20Classics%20Vault%29%20%5BPS2%20Classics%5D%20%5BSLUS21048%5D.pkg	MISSING	UP0092-SLUS21048_00-EVILDEADREGENERATION		2477301760	2477301760
SLUS20898	US	Star Wars Battlefront (PS2CV)	https://www.dropbox.com/scl/fi/t25ezn9eg0jsswc5cwize/Star-Wars-Battlefront-PS2-Classics-Vault-PS2-Classics-SLUS20898.pkg?rlkey=06ypzmh8ivftsx9wo4ersc2a7&dl=1	MISSING	UP0093-SLUS20898_00-STARWARSBATTLEFRONT		4730609664	4730609664
SLUS21240	US	Star Wars Battlefront 2 (PS2CV)	https://www.dropbox.com/scl/fi/69h4fmuzxktq35g6zu517/Star-Wars-Battlefront-2-PS2-Classics-Vault-PS2-Classics-SLUS21240.pkg?rlkey=56eds1bu2gynxh0nkd3cqnmvi&st=mxjksf5l&dl=0	MISSING	UP0094-SLUS21240_00-STARWARSBATTLEFRONT2		4699611136	4699611136
SLUS20779	US	Dragon Ball Z: Budokai 2 (PS2CV)	https://archive.org/download/dragon-ball-z-budokai-2-ps2-classics-vault-ps2-classics-slus20779/DragonBall%20Z%20-%20Budokai%202%20%28PS2%20Classics%20Vault%29%20%5BPS2%20Classics%5D%20%5BSLUS20779%5D.pkg	MISSING	UP0095-SLUS20779_00-DRAGONBALLZBUDOKAI2		4687020032	4687020032
SLUS20827	US	Manhunt (PS2CV)	https://archive.org/download/manhunt-ps2-classics-vault-ps2-classics-slus20827/Manhunt%20%28PS2%20Classics%20Vault%29%20%5BPS2%20Classics%5D%20%5BSLUS20827%5D.pkg	MISSING	UP0096-SLUS20827_00-MANHUNT		4731183104	4731183104
SLUS21445	US	Ar tonelico: Melody of Elemia (PS2CV)	https://archive.org/download/ar-tonelico-melody-of-elemia-ps-2-classics-vault-ps2-classics-slus21445/Ar%20Tonelico%20-%20Melody%20of%20Elemia%20%28PS2%20Classics%20Vault%29%20%5BPS2%20Classics%5D%20%5BSLUS21445%5D.pkg	MISSING	UP0097-SLUS21445_00-ARTONELICOMOE		3175698432	3175698432
SLUS21788	US	Ar tonelico 2: Melody of Metafalica (PS2CV)	https://archive.org/download/ar-tonelico-2-melody-of-metafalica-ps2-classics-vault-ps2-classics-slus21788/Ar%20Tonelico%202%20-%20Melody%20of%20Metafalica%20%28PS2%20Classics%20Vault%29%20%5BPS2%20Classics%5D%20%5BSLUS21788%5D.pkg	MISSING	UP0098-SLUS21788_00-ARTONELICO2MOM		4431392768	4431392768
SLUS21722	US	Chaos Wars (PS2CV)	https://archive.org/download/chaos-wars-ps2-classics-vault-ps2-classics-slus21722/Chaos%20Wars%20%28PS2%20Classics%20Vault%29%20%5BPS2%20Classics%5D%20%5BSLUS21722%5D.pkg	MISSING	UP0100-SLUS21722_00-CHAOSWARS		1986498560	1986498560
SLUS21041	US	Shadow Hearts 2: Convenant (Disc 1) (PS2CV)	https://archive.org/download/shadow-hearts-2-covenant-disc-1-disc-2-ps2-classics-vault-ps2-classics-slus21041/Shadow%20Hearts%202%20-%20Covenant%20%5BDisc%201%5D%20%28PS2%20Classics%20Vault%29%20%5BPS2%20Classics%5D%20%5BSLUS21041%5D.pkg	MISSING	UP0101-SLUS21041_00-SHADOWHEARTS2DISC1		3867553792	3867553792
SLUS21044	US	Shadow Hearts 2: Convenant (Disc 2) (PS2CV)	https://archive.org/download/shadow-hearts-2-covenant-disc-1-disc-2-ps2-classics-vault-ps2-classics-slus21041/Shadow%20Hearts%202%20-%20Covenant%20%5BDisc%202%5D%20%28PS2%20Classics%20Vault%29%20%5BPS2%20Classics%5D%20%5BSLUS21044%5D.pkg	MISSING	UP0102-SLUS21044_00-SHADOWHEARTS2DISC2		4397330432	4397330432
SLUS20725	US	Call of Duty: Finest Hour (PS2CV)	https://www.dropbox.com/scl/fi/uqtj9bvokje1pv7v8tamk/Call-of-Duty-Finest-Hour-PS2-Classics-Vault-PS2-Classics-SLUS20725.pkg?rlkey=g3xvfnqzqjdbus98rfhs345s9&dl=1	MISSING	UP0103-SLUS20725_00-CALLOFDUTYFINESTHOUR		2263085056	2263085056
SLUS20073	US	Red Faction (PS2CV)	https://archive.org/download/red-faction-ps2-classics-vault-ps2-classics-slus20073/Red%20Faction%20%28PS2%20Classics%20Vault%29%20%5BPS2%20Classics%5D%20%5BSLUS20073%5D.pkg	MISSING	UP0104-SLUS20073_00-REDFACTIONPS2		2033242112	2033242112
SLUS20442	US	Red Faction 2 (PS2CV)	https://archive.org/download/red-faction-2-ps2-classics-vault-ps2-classics-slus20442/Red%20Faction%202%20%28PS2%20Classics%20Vault%29%20%5BPS2%20Classics%5D%20%5BSLUS20442%5D.pkg	MISSING	UP0105-SLUS20442_00-REDFACTION2PS2		2255790080	2255790080		